project_id,project_name,state,district,project_type,land_area_hectares,affected_families,compensation_status,compensation_disbursed_pct,approval_stage,days_since_notification,legal_disputes_count,legal_dispute_status,possession_status,rehabilitation_progress_pct,stakeholder_responsiveness_score,historical_district_delay_rate,inter_department_coordination_issues,project_start_date,planned_duration_days,expected_completion_date,delay_probability,actual_delay_days,risk_category
LA-0001,Power Transmission Line Project Pune-1,Maharashtra,Pune,Power Transmission Line,53.44,119,Not Disbursed,1.6,SIA Completed,513,0,None,Partially Complete,97.0,8.5,0.6,Medium,2024-01-22,365,2025-01-21,0.2,214,Low
LA-0002,National Highway Project Howrah-2,West Bengal,Howrah,National Highway,27.57,58,Not Disbursed,2.9,SIA Completed,186,1,Ongoing - High Court,Partially Complete,51.4,6.3,0.24,Low,2022-02-12,1460,2026-02-11,0.596,314,Medium
LA-0003,Airport Expansion Project Bhubaneswar-3,Odisha,Bhubaneswar,Airport Expansion,27.02,257,Partially Disbursed,19.2,Notification (Sec 11),742,1,Ongoing - High Court,Partially Complete,18.5,9.7,0.27,Low,2021-11-15,545,2023-05-14,0.369,362,Medium
LA-0004,State Highway Project Ahmedabad-4,Gujarat,Ahmedabad,State Highway,20.02,27,Partially Disbursed,31.1,Award Declared,530,2,Ongoing - Supreme Court,Partially Complete,0.6,8.3,0.39,High,2023-07-30,1460,2027-07-29,0.98,571,High
LA-0005,State Highway Project Aurangabad-5,Maharashtra,Aurangabad,State Highway,22.76,103,Partially Disbursed,14.8,Rehabilitation Ongoing,925,1,Resolved Against,Fully Complete,12.0,7.4,0.32,Low,2022-01-29,365,2023-01-29,0.45,402,Medium
LA-0006,Irrigation Canal Project Meerut-6,Uttar Pradesh,Meerut,Irrigation Canal,39.13,369,Fully Disbursed,90.3,Notification (Sec 11),106,1,Ongoing - High Court,Fully Complete,41.0,7.8,0.61,Low,2023-07-18,730,2025-07-17,0.187,185,Low
LA-0007,Industrial Corridor Project Jabalpur-7,Madhya Pradesh,Jabalpur,Industrial Corridor,66.87,170,Not Disbursed,8.9,Award Declared,324,0,None,Partially Complete,42.7,8.4,0.55,Medium,2021-05-27,1460,2025-05-26,0.048,203,Low
LA-0008,Railway Line Project Indore-8,Madhya Pradesh,Indore,Railway Line,31.07,105,Partially Disbursed,48.9,Award Declared,505,0,None,Fully Complete,49.7,3.7,0.44,Medium,2024-02-15,545,2025-08-13,0.177,390,Low
LA-0009,Irrigation Canal Project Ahmedabad-9,Gujarat,Ahmedabad,Irrigation Canal,35.47,166,Fully Disbursed,96.7,Award Declared,213,0,None,Partially Complete,63.2,6.7,0.57,Low,2024-03-07,730,2026-03-07,0.02,136,Low
LA-0010,Urban Metro Project Kota-10,Rajasthan,Kota,Urban Metro,29.09,253,Fully Disbursed,90.2,Rehabilitation Ongoing,89,0,None,Partially Complete,69.1,4.5,0.46,Low,2022-05-21,1460,2026-05-20,0.032,133,Low
LA-0011,SEZ Development Project Mysuru-11,Karnataka,Mysuru,SEZ Development,63.42,42,Partially Disbursed,28.1,Possession Complete,103,4,Resolved in Favor,Partially Complete,8.4,2.5,0.63,High,2021-10-11,1460,2025-10-10,0.98,653,High
LA-0012,National Highway Project Chennai-12,Tamil Nadu,Chennai,National Highway,44.44,43,Fully Disbursed,92.4,SIA Completed,913,2,Ongoing - High Court,Fully Complete,9.4,4.3,0.33,Medium,2021-05-11,1095,2024-05-10,0.538,273,Medium
LA-0013,Airport Expansion Project Rourkela-13,Odisha,Rourkela,Airport Expansion,38.14,171,Partially Disbursed,47.7,Possession Complete,107,0,None,Fully Complete,2.4,6.8,0.44,Low,2021-08-23,1460,2025-08-22,0.185,229,Low
LA-0014,Industrial Corridor Project Muzaffarpur-14,Bihar,Muzaffarpur,Industrial Corridor,29.91,230,Not Disbursed,3.2,Possession Initiated,475,0,None,Not Started,61.5,9.9,0.51,Low,2022-06-24,1460,2026-06-23,0.237,189,Low
LA-0015,Power Transmission Line Project Bhopal-15,Madhya Pradesh,Bhopal,Power Transmission Line,49.42,200,Fully Disbursed,98.1,Possession Complete,522,1,Resolved Against,Not Started,79.8,6.8,0.49,Low,2021-11-27,1460,2025-11-26,0.315,355,Low
LA-0016,SEZ Development Project Bengaluru-16,Karnataka,Bengaluru,SEZ Development,32.76,228,Partially Disbursed,12.7,Notification (Sec 11),64,0,None,Not Started,3.7,8.4,0.5,Low,2022-09-22,545,2024-03-20,0.24,236,Low
LA-0017,SEZ Development Project Noida-17,Uttar Pradesh,Noida,SEZ Development,91.69,147,Fully Disbursed,95.3,Notification (Sec 11),1562,2,Resolved in Favor,Fully Complete,79.5,3.4,0.55,High,2023-12-27,545,2025-06-24,0.424,291,Medium
LA-0018,Dam/Reservoir Project Gwalior-18,Madhya Pradesh,Gwalior,Dam/Reservoir,53.69,244,Not Disbursed,1.6,Possession Complete,802,2,Resolved Against,Partially Complete,61.2,4.8,0.64,Low,2024-01-10,545,2025-07-08,0.878,345,High
LA-0019,Industrial Corridor Project Gaya-19,Bihar,Gaya,Industrial Corridor,34.46,435,Partially Disbursed,23.0,Possession Complete,1196,0,None,Partially Complete,37.5,6.6,0.24,Low,2021-05-12,730,2023-05-12,0.273,257,Low
LA-0020,Dam/Reservoir Project Kanpur-20,Uttar Pradesh,Kanpur,Dam/Reservoir,20.45,186,Not Disbursed,0.3,SIA Completed,55,1,Ongoing - Lower Court,Not Started,94.1,4.5,0.64,Medium,2022-04-14,365,2023-04-14,0.893,417,High
LA-0021,State Highway Project Lucknow-21,Uttar Pradesh,Lucknow,State Highway,35.12,88,Partially Disbursed,31.1,Award Declared,805,2,Resolved in Favor,Not Started,17.7,7.8,0.67,Low,2024-03-15,1460,2028-03-14,0.576,246,Medium
LA-0022,Airport Expansion Project Chennai-22,Tamil Nadu,Chennai,Airport Expansion,25.75,292,Fully Disbursed,97.5,SIA Completed,995,1,Ongoing - Lower Court,Not Started,1.1,9.1,0.45,Medium,2023-05-18,1095,2026-05-17,0.35,260,Medium
LA-0023,National Highway Project Madurai-23,Tamil Nadu,Madurai,National Highway,107.51,276,Partially Disbursed,60.4,Rehabilitation Ongoing,652,1,Ongoing - Lower Court,Not Started,55.0,5.0,0.54,Medium,2021-08-12,545,2023-02-08,0.648,418,Medium
LA-0024,Dam/Reservoir Project Jodhpur-24,Rajasthan,Jodhpur,Dam/Reservoir,57.0,328,Partially Disbursed,15.5,Possession Initiated,282,1,Ongoing - High Court,Not Started,37.1,8.3,0.48,Low,2021-06-04,1095,2024-06-03,0.556,435,Medium
LA-0025,National Highway Project Bengaluru-25,Karnataka,Bengaluru,National Highway,7.97,370,Partially Disbursed,10.9,Possession Complete,529,2,Ongoing - Lower Court,Fully Complete,28.6,8.8,0.33,High,2022-04-30,545,2023-10-27,0.771,401,High
LA-0026,Airport Expansion Project Cuttack-26,Odisha,Cuttack,Airport Expansion,42.44,68,Not Disbursed,6.3,Possession Initiated,936,0,None,Fully Complete,28.1,9.6,0.72,Low,2021-01-05,1095,2024-01-05,0.237,276,Low
LA-0027,Power Transmission Line Project Gaya-27,Bihar,Gaya,Power Transmission Line,13.92,231,Partially Disbursed,53.8,Rehabilitation Ongoing,536,2,Resolved Against,Partially Complete,91.1,8.4,0.73,Medium,2022-01-24,730,2024-01-24,0.545,446,Medium
LA-0028,SEZ Development Project Jaipur-28,Rajasthan,Jaipur,SEZ Development,76.4,90,Fully Disbursed,99.7,Notification (Sec 11),512,0,None,Partially Complete,27.3,1.5,0.49,Low,2024-04-11,1095,2027-04-11,0.205,257,Low
LA-0029,Railway Line Project Hubballi-29,Karnataka,Hubballi,Railway Line,89.82,168,Not Disbursed,2.5,Possession Complete,456,1,Ongoing - Lower Court,Fully Complete,35.8,2.0,0.53,Low,2021-05-20,545,2022-11-16,0.627,506,Medium
LA-0030,SEZ Development Project Bhubaneswar-30,Odisha,Bhubaneswar,SEZ Development,42.88,366,Not Disbursed,5.6,Possession Complete,661,0,None,Not Started,13.6,1.1,0.66,Low,2024-04-10,1460,2028-04-09,0.866,331,High
LA-0031,Power Transmission Line Project Mysuru-31,Karnataka,Mysuru,Power Transmission Line,17.45,14,Not Disbursed,5.1,Rehabilitation Ongoing,820,0,None,Not Started,92.7,5.4,0.5,Low,2021-09-26,730,2023-09-26,0.408,183,Medium
LA-0032,State Highway Project Coimbatore-32,Tamil Nadu,Coimbatore,State Highway,39.85,179,Not Disbursed,2.4,Possession Complete,546,0,None,Fully Complete,89.7,5.3,0.31,High,2021-05-31,1460,2025-05-30,0.205,270,Low
LA-0033,Railway Line Project Udaipur-33,Rajasthan,Udaipur,Railway Line,28.37,67,Fully Disbursed,92.1,Notification (Sec 11),435,0,None,Fully Complete,79.9,6.7,0.11,Low,2021-11-20,1095,2024-11-19,0.02,63,Low
LA-0034,Power Transmission Line Project Hubballi-34,Karnataka,Hubballi,Power Transmission Line,24.54,202,Partially Disbursed,56.4,Rehabilitation Ongoing,1204,0,None,Partially Complete,71.3,9.1,0.41,Medium,2024-02-10,730,2026-02-09,0.481,368,Medium
LA-0035,Power Transmission Line Project Nagpur-35,Maharashtra,Nagpur,Power Transmission Line,36.95,56,Not Disbursed,2.7,Notification (Sec 11),159,0,None,Partially Complete,89.1,6.3,0.35,Low,2022-08-01,1460,2026-07-31,0.278,306,Low
LA-0036,Irrigation Canal Project Udaipur-36,Rajasthan,Udaipur,Irrigation Canal,22.18,132,Partially Disbursed,42.4,Award Declared,193,1,Resolved Against,Partially Complete,98.7,6.5,0.24,High,2021-04-15,365,2022-04-15,0.589,314,Medium
LA-0037,National Highway Project Cuttack-37,Odisha,Cuttack,National Highway,29.8,78,Not Disbursed,2.9,SIA Completed,432,1,Ongoing - Supreme Court,Not Started,39.8,9.7,0.33,Medium,2023-05-26,1460,2027-05-25,0.774,437,High
LA-0038,State Highway Project Ghaziabad-38,Uttar Pradesh,Ghaziabad,State Highway,24.76,85,Fully Disbursed,92.8,Rehabilitation Ongoing,237,0,None,Fully Complete,50.8,3.2,0.54,Medium,2023-01-27,1460,2027-01-26,0.2,167,Low
LA-0039,Urban Metro Project Bengaluru-39,Karnataka,Bengaluru,Urban Metro,57.77,24,Not Disbursed,5.3,Award Declared,251,2,Ongoing - Supreme Court,Fully Complete,41.2,4.1,0.56,High,2021-03-23,730,2023-03-23,0.98,533,High
LA-0040,State Highway Project Jodhpur-40,Rajasthan,Jodhpur,State Highway,53.19,372,Partially Disbursed,25.1,Possession Complete,557,1,Resolved in Favor,Fully Complete,87.7,4.5,0.39,Medium,2022-04-30,545,2023-10-27,0.328,341,Low
LA-0041,National Highway Project Gwalior-41,Madhya Pradesh,Gwalior,National Highway,25.61,10,Not Disbursed,5.0,Award Declared,745,1,Resolved in Favor,Fully Complete,94.0,6.6,0.12,High,2022-05-24,730,2024-05-23,0.123,216,Low
LA-0042,Urban Metro Project Bhopal-42,Madhya Pradesh,Bhopal,Urban Metro,53.82,308,Fully Disbursed,93.1,Possession Initiated,746,1,Ongoing - High Court,Not Started,87.7,4.1,0.32,High,2022-12-18,730,2024-12-17,0.82,399,High
LA-0043,National Highway Project Jodhpur-43,Rajasthan,Jodhpur,National Highway,30.42,84,Partially Disbursed,62.0,Possession Initiated,213,2,Ongoing - Supreme Court,Not Started,46.2,9.5,0.26,Low,2022-07-26,730,2024-07-25,0.646,301,Medium
LA-0044,Dam/Reservoir Project Mysuru-44,Karnataka,Mysuru,Dam/Reservoir,134.79,147,Partially Disbursed,52.4,Notification (Sec 11),490,1,Ongoing - Lower Court,Fully Complete,42.4,7.6,0.52,Low,2024-04-04,730,2026-04-04,0.202,207,Low
LA-0045,SEZ Development Project Ghaziabad-45,Uttar Pradesh,Ghaziabad,SEZ Development,41.38,281,Partially Disbursed,35.1,Rehabilitation Ongoing,756,0,None,Fully Complete,34.7,7.6,0.1,Medium,2023-11-14,365,2024-11-13,0.02,104,Low
LA-0046,Irrigation Canal Project Rourkela-46,Odisha,Rourkela,Irrigation Canal,18.28,118,Not Disbursed,4.2,Rehabilitation Ongoing,1343,1,Resolved in Favor,Not Started,96.1,2.3,0.62,High,2024-01-08,545,2025-07-06,0.813,419,High
LA-0047,State Highway Project Rajkot-47,Gujarat,Rajkot,State Highway,40.02,150,Fully Disbursed,99.0,Award Declared,257,1,Resolved Against,Not Started,6.6,8.0,0.37,High,2022-09-08,1460,2026-09-07,0.732,250,High
LA-0048,Urban Metro Project Muzaffarpur-48,Bihar,Muzaffarpur,Urban Metro,7.63,41,Partially Disbursed,74.6,Rehabilitation Ongoing,107,0,None,Not Started,2.5,2.4,0.33,Low,2023-05-12,1095,2026-05-11,0.413,386,Medium
LA-0049,Urban Metro Project Jabalpur-49,Madhya Pradesh,Jabalpur,Urban Metro,60.41,47,Partially Disbursed,23.4,Notification (Sec 11),313,3,Ongoing - Supreme Court,Not Started,66.8,2.8,0.42,Medium,2024-04-02,1460,2028-04-01,0.933,582,High
LA-0050,Airport Expansion Project Rajkot-50,Gujarat,Rajkot,Airport Expansion,48.53,41,Partially Disbursed,35.6,SIA Completed,1001,1,Resolved Against,Partially Complete,55.2,4.9,0.19,High,2021-12-14,365,2022-12-14,0.808,383,High
LA-0051,SEZ Development Project Muzaffarpur-51,Bihar,Muzaffarpur,SEZ Development,28.08,178,Partially Disbursed,70.0,SIA Completed,1571,0,None,Partially Complete,83.5,9.9,0.55,Low,2022-02-12,545,2023-08-11,0.02,101,Low
LA-0052,Irrigation Canal Project Ghaziabad-52,Uttar Pradesh,Ghaziabad,Irrigation Canal,11.89,198,Fully Disbursed,90.1,Possession Complete,504,1,Ongoing - Lower Court,Partially Complete,91.4,4.8,0.6,High,2024-03-24,545,2025-09-20,0.661,215,High
LA-0053,Urban Metro Project Cuttack-53,Odisha,Cuttack,Urban Metro,32.07,154,Not Disbursed,3.9,Rehabilitation Ongoing,174,1,Ongoing - Lower Court,Fully Complete,93.7,7.6,0.61,High,2021-08-07,1095,2024-08-06,0.721,295,High
LA-0054,Dam/Reservoir Project Jodhpur-54,Rajasthan,Jodhpur,Dam/Reservoir,39.87,76,Partially Disbursed,18.0,Possession Complete,405,0,None,Not Started,24.6,8.4,0.72,High,2023-07-24,545,2025-01-19,0.762,456,High
LA-0055,Dam/Reservoir Project Madurai-55,Tamil Nadu,Madurai,Dam/Reservoir,57.25,28,Fully Disbursed,99.5,Possession Complete,119,3,Ongoing - Supreme Court,Fully Complete,69.2,8.6,0.42,High,2024-06-08,1460,2028-06-07,0.71,291,High
LA-0056,Airport Expansion Project Rourkela-56,Odisha,Rourkela,Airport Expansion,51.47,155,Fully Disbursed,97.0,Rehabilitation Ongoing,578,1,Resolved in Favor,Partially Complete,86.2,8.6,0.42,High,2022-07-22,1460,2026-07-21,0.309,229,Low
LA-0057,Irrigation Canal Project Madurai-57,Tamil Nadu,Madurai,Irrigation Canal,42.4,91,Not Disbursed,0.8,Notification (Sec 11),337,1,Ongoing - Supreme Court,Not Started,31.9,6.6,0.47,Low,2024-01-12,365,2025-01-11,0.908,498,High
LA-0058,Irrigation Canal Project Indore-58,Madhya Pradesh,Indore,Irrigation Canal,42.05,276,Partially Disbursed,36.3,SIA Completed,272,3,Ongoing - High Court,Not Started,42.1,7.6,0.08,Medium,2024-01-17,1095,2027-01-16,0.901,426,High
LA-0059,Irrigation Canal Project Bhubaneswar-59,Odisha,Bhubaneswar,Irrigation Canal,15.28,59,Fully Disbursed,99.9,Possession Initiated,52,0,None,Fully Complete,95.0,8.1,0.27,Medium,2021-02-10,1460,2025-02-09,0.02,38,Low
LA-0060,National Highway Project Cuttack-60,Odisha,Cuttack,National Highway,127.44,75,Fully Disbursed,96.5,Award Declared,517,0,None,Fully Complete,22.0,2.7,0.82,High,2023-05-09,1460,2027-05-08,0.303,348,Low
LA-0061,Irrigation Canal Project Hubballi-61,Karnataka,Hubballi,Irrigation Canal,85.86,82,Partially Disbursed,26.8,Award Declared,1734,0,None,Partially Complete,87.7,3.4,0.59,Low,2022-11-20,1095,2025-11-19,0.397,352,Medium
LA-0062,Railway Line Project Gwalior-62,Madhya Pradesh,Gwalior,Railway Line,22.57,144,Fully Disbursed,95.0,Possession Complete,270,1,Ongoing - Lower Court,Fully Complete,59.2,8.4,0.48,Medium,2021-02-25,365,2022-02-25,0.314,200,Low
LA-0063,Airport Expansion Project Bhubaneswar-63,Odisha,Bhubaneswar,Airport Expansion,11.78,187,Not Disbursed,6.6,Award Declared,741,1,Resolved in Favor,Not Started,75.3,2.4,0.53,Medium,2022-11-23,1095,2025-11-22,0.774,350,High
LA-0064,Power Transmission Line Project Gaya-64,Bihar,Gaya,Power Transmission Line,25.38,191,Fully Disbursed,92.9,Possession Initiated,481,0,None,Not Started,63.4,5.9,0.46,Medium,2022-12-18,545,2024-06-15,0.142,241,Low
LA-0065,National Highway Project Pune-65,Maharashtra,Pune,National Highway,46.42,371,Fully Disbursed,91.0,SIA Completed,475,0,None,Fully Complete,70.8,1.6,0.51,Medium,2022-05-04,545,2023-10-31,0.159,213,Low
LA-0066,State Highway Project Madurai-66,Tamil Nadu,Madurai,State Highway,29.35,146,Partially Disbursed,66.2,SIA Completed,1153,0,None,Partially Complete,27.4,10.0,0.44,Low,2023-01-26,545,2024-07-24,0.02,-27,Low
LA-0067,State Highway Project Siliguri-67,West Bengal,Siliguri,State Highway,51.78,87,Fully Disbursed,96.5,SIA Completed,348,0,None,Fully Complete,63.9,4.6,0.28,Low,2021-02-22,730,2023-02-22,0.048,138,Low
LA-0068,Urban Metro Project Siliguri-68,West Bengal,Siliguri,Urban Metro,24.99,75,Partially Disbursed,74.8,Rehabilitation Ongoing,537,2,Ongoing - High Court,Not Started,13.1,1.3,0.52,Medium,2024-07-08,545,2026-01-04,0.965,554,High
LA-0069,SEZ Development Project Nashik-69,Maharashtra,Nashik,SEZ Development,37.84,344,Fully Disbursed,92.0,Possession Complete,220,0,None,Fully Complete,79.8,3.8,0.45,Low,2023-05-28,730,2025-05-27,0.134,134,Low
LA-0070,Industrial Corridor Project Thane-70,Maharashtra,Thane,Industrial Corridor,35.91,74,Not Disbursed,2.9,Possession Initiated,176,1,Resolved in Favor,Not Started,49.9,6.6,0.44,High,2023-07-31,545,2025-01-26,0.835,532,High
LA-0071,Dam/Reservoir Project Bhubaneswar-71,Odisha,Bhubaneswar,Dam/Reservoir,22.15,137,Fully Disbursed,91.3,Award Declared,1307,0,None,Partially Complete,16.7,1.9,0.55,High,2023-09-18,1095,2026-09-17,0.647,426,Medium
LA-0072,SEZ Development Project Rourkela-72,Odisha,Rourkela,SEZ Development,41.48,77,Not Disbursed,7.1,SIA Completed,454,1,Ongoing - Lower Court,Not Started,52.6,7.6,0.59,Medium,2023-08-10,1460,2027-08-09,0.736,360,High
LA-0073,Urban Metro Project Siliguri-73,West Bengal,Siliguri,Urban Metro,32.66,182,Partially Disbursed,69.2,Possession Initiated,2293,0,None,Fully Complete,99.6,9.8,0.44,Low,2022-03-11,730,2024-03-10,0.02,80,Low
LA-0074,Power Transmission Line Project Gaya-74,Bihar,Gaya,Power Transmission Line,28.92,156,Fully Disbursed,97.3,Rehabilitation Ongoing,279,0,None,Fully Complete,98.8,1.4,0.69,Medium,2023-11-25,545,2025-05-23,0.198,296,Low
LA-0075,Urban Metro Project Nagpur-75,Maharashtra,Nagpur,Urban Metro,97.05,91,Partially Disbursed,41.6,SIA Completed,732,1,Resolved in Favor,Partially Complete,73.3,2.2,0.48,Medium,2021-02-05,365,2022-02-05,0.723,368,High
LA-0076,Urban Metro Project Patna-76,Bihar,Patna,Urban Metro,27.98,75,Partially Disbursed,46.9,Award Declared,368,0,None,Partially Complete,59.3,2.5,0.61,Low,2024-02-08,1460,2028-02-07,0.377,281,Medium
LA-0077,Dam/Reservoir Project Rajkot-77,Gujarat,Rajkot,Dam/Reservoir,63.21,41,Partially Disbursed,82.7,Rehabilitation Ongoing,441,1,Resolved in Favor,Not Started,24.9,6.6,0.26,Low,2021-09-05,545,2023-03-04,0.145,239,Low
LA-0078,Dam/Reservoir Project Ahmedabad-78,Gujarat,Ahmedabad,Dam/Reservoir,64.54,303,Fully Disbursed,98.7,Rehabilitation Ongoing,338,0,None,Not Started,53.1,9.4,0.42,Low,2023-09-19,730,2025-09-18,0.042,176,Low
LA-0079,SEZ Development Project Siliguri-79,West Bengal,Siliguri,SEZ Development,41.96,15,Not Disbursed,9.9,Notification (Sec 11),463,1,Ongoing - High Court,Not Started,48.9,7.0,0.52,Low,2022-09-12,365,2023-09-12,0.973,376,High
LA-0080,Power Transmission Line Project Bengaluru-80,Karnataka,Bengaluru,Power Transmission Line,56.97,51,Not Disbursed,6.7,Notification (Sec 11),619,2,Resolved Against,Not Started,61.8,8.8,0.31,High,2023-10-03,365,2024-10-02,0.98,457,High
LA-0081,Power Transmission Line Project Kanpur-81,Uttar Pradesh,Kanpur,Power Transmission Line,45.04,185,Partially Disbursed,39.5,Possession Initiated,522,0,None,Not Started,97.7,4.7,0.34,High,2022-06-02,1095,2025-06-01,0.581,355,Medium
LA-0082,Urban Metro Project Pune-82,Maharashtra,Pune,Urban Metro,93.98,185,Partially Disbursed,60.1,Possession Complete,695,1,Ongoing - Lower Court,Not Started,54.4,1.1,0.55,High,2022-09-15,365,2023-09-15,0.899,343,High
LA-0083,Dam/Reservoir Project Jaipur-83,Rajasthan,Jaipur,Dam/Reservoir,93.15,63,Fully Disbursed,92.3,Possession Complete,473,1,Resolved Against,Fully Complete,38.0,8.8,0.34,Low,2023-12-07,1095,2026-12-06,0.02,237,Low
LA-0084,Power Transmission Line Project Coimbatore-84,Tamil Nadu,Coimbatore,Power Transmission Line,14.7,25,Fully Disbursed,98.1,Possession Initiated,340,0,None,Not Started,93.4,4.2,0.51,Medium,2024-06-02,365,2025-06-02,0.252,188,Low
LA-0085,Power Transmission Line Project Jodhpur-85,Rajasthan,Jodhpur,Power Transmission Line,22.24,55,Partially Disbursed,33.3,SIA Completed,171,0,None,Not Started,18.1,7.1,0.59,Medium,2021-11-17,365,2022-11-17,0.474,247,Medium
LA-0086,SEZ Development Project Cuttack-86,Odisha,Cuttack,SEZ Development,27.0,169,Partially Disbursed,46.3,Notification (Sec 11),256,3,Ongoing - High Court,Not Started,22.8,2.9,0.46,Low,2023-07-19,365,2024-07-18,0.884,577,High
LA-0087,SEZ Development Project Udaipur-87,Rajasthan,Udaipur,SEZ Development,16.61,73,Partially Disbursed,41.8,SIA Completed,498,1,Resolved in Favor,Not Started,73.7,8.8,0.33,Low,2021-11-02,730,2023-11-02,0.12,226,Low
LA-0088,National Highway Project Bhopal-88,Madhya Pradesh,Bhopal,National Highway,41.08,118,Not Disbursed,2.3,Award Declared,526,1,Resolved Against,Partially Complete,42.8,7.5,0.45,Medium,2022-08-15,1095,2025-08-14,0.809,501,High
LA-0089,Power Transmission Line Project Aurangabad-89,Maharashtra,Aurangabad,Power Transmission Line,31.41,113,Partially Disbursed,34.3,Award Declared,254,0,None,Partially Complete,80.0,3.1,0.42,Medium,2021-06-14,1460,2025-06-13,0.423,326,Medium
LA-0090,Industrial Corridor Project Varanasi-90,Uttar Pradesh,Varanasi,Industrial Corridor,52.44,493,Partially Disbursed,84.6,Notification (Sec 11),1223,0,None,Not Started,56.2,9.6,0.51,High,2024-03-24,1460,2028-03-23,0.293,216,Low
LA-0091,Power Transmission Line Project Meerut-91,Uttar Pradesh,Meerut,Power Transmission Line,44.29,34,Partially Disbursed,36.1,SIA Completed,267,3,Resolved in Favor,Partially Complete,52.1,6.6,0.24,Medium,2022-07-24,545,2024-01-20,0.711,365,High
LA-0092,Airport Expansion Project Howrah-92,West Bengal,Howrah,Airport Expansion,43.36,118,Fully Disbursed,92.6,Possession Initiated,228,1,Ongoing - Supreme Court,Partially Complete,39.7,5.0,0.41,Low,2021-08-03,545,2023-01-30,0.552,472,Medium
LA-0093,Airport Expansion Project Rajkot-93,Gujarat,Rajkot,Airport Expansion,39.85,240,Not Disbursed,2.1,Possession Initiated,290,3,Resolved Against,Not Started,8.1,4.6,0.62,Low,2022-06-01,730,2024-05-31,0.965,530,High
LA-0094,Dam/Reservoir Project Aurangabad-94,Maharashtra,Aurangabad,Dam/Reservoir,40.69,132,Fully Disbursed,99.2,Notification (Sec 11),1825,0,None,Partially Complete,50.3,4.6,0.4,Medium,2023-04-27,365,2024-04-26,0.162,135,Low
LA-0095,SEZ Development Project Udaipur-95,Rajasthan,Udaipur,SEZ Development,53.77,138,Fully Disbursed,91.1,Rehabilitation Ongoing,135,1,Resolved in Favor,Fully Complete,6.1,8.0,0.54,Low,2024-01-30,545,2025-07-28,0.105,150,Low
LA-0096,Airport Expansion Project Gaya-96,Bihar,Gaya,Airport Expansion,27.72,95,Not Disbursed,1.0,Rehabilitation Ongoing,470,1,Resolved Against,Fully Complete,62.4,5.7,0.45,Medium,2022-09-29,1460,2026-09-28,0.452,311,Medium
LA-0097,Urban Metro Project Kanpur-97,Uttar Pradesh,Kanpur,Urban Metro,36.93,263,Not Disbursed,4.1,Notification (Sec 11),256,0,None,Partially Complete,76.0,2.2,0.06,Low,2021-11-12,1095,2024-11-11,0.164,206,Low
LA-0098,Power Transmission Line Project Muzaffarpur-98,Bihar,Muzaffarpur,Power Transmission Line,39.63,202,Partially Disbursed,73.3,Possession Initiated,138,1,Resolved in Favor,Not Started,37.6,4.6,0.44,Medium,2023-02-25,545,2024-08-23,0.674,364,High
LA-0099,Railway Line Project Siliguri-99,West Bengal,Siliguri,Railway Line,25.75,272,Fully Disbursed,90.4,Award Declared,388,2,Resolved in Favor,Not Started,61.4,1.6,0.59,High,2022-07-02,365,2023-07-02,0.739,402,High
LA-0100,Power Transmission Line Project Muzaffarpur-100,Bihar,Muzaffarpur,Power Transmission Line,42.21,402,Fully Disbursed,90.7,Possession Complete,115,2,Resolved in Favor,Fully Complete,17.4,1.9,0.3,Medium,2023-09-19,730,2025-09-18,0.582,394,Medium
LA-0101,Airport Expansion Project Rajkot-101,Gujarat,Rajkot,Airport Expansion,69.69,69,Fully Disbursed,96.2,SIA Completed,659,0,None,Fully Complete,96.8,8.2,0.63,Low,2023-02-24,545,2024-08-22,0.06,262,Low
LA-0102,Industrial Corridor Project Bhubaneswar-102,Odisha,Bhubaneswar,Industrial Corridor,61.19,204,Fully Disbursed,92.2,Rehabilitation Ongoing,162,2,Resolved in Favor,Partially Complete,12.2,2.8,0.16,Medium,2021-11-08,1095,2024-11-07,0.511,378,Medium
LA-0103,Dam/Reservoir Project Noida-103,Uttar Pradesh,Noida,Dam/Reservoir,65.0,81,Fully Disbursed,97.6,Award Declared,943,2,Ongoing - Lower Court,Fully Complete,54.5,9.9,0.43,Medium,2023-12-14,1095,2026-12-13,0.196,241,Low
LA-0104,Railway Line Project Meerut-104,Uttar Pradesh,Meerut,Railway Line,63.39,202,Partially Disbursed,65.0,Rehabilitation Ongoing,499,1,Ongoing - High Court,Not Started,87.3,6.7,0.84,High,2022-06-27,730,2024-06-26,0.796,447,High
LA-0105,Urban Metro Project Siliguri-105,West Bengal,Siliguri,Urban Metro,34.17,131,Partially Disbursed,17.4,Award Declared,255,2,Resolved Against,Partially Complete,35.5,8.1,0.54,Low,2023-09-27,1460,2027-09-26,0.731,388,High
LA-0106,State Highway Project Kanpur-106,Uttar Pradesh,Kanpur,State Highway,23.69,212,Not Disbursed,3.3,Rehabilitation Ongoing,204,2,Ongoing - Supreme Court,Fully Complete,41.3,7.3,0.14,Medium,2023-06-08,365,2024-06-07,0.878,403,High
LA-0107,Railway Line Project Aurangabad-107,Maharashtra,Aurangabad,Railway Line,44.6,64,Partially Disbursed,53.5,Notification (Sec 11),1498,1,Ongoing - Lower Court,Not Started,82.5,5.5,0.63,Low,2023-01-05,730,2025-01-04,0.742,346,High
LA-0108,Irrigation Canal Project Bhubaneswar-108,Odisha,Bhubaneswar,Irrigation Canal,68.0,216,Partially Disbursed,34.6,Possession Complete,390,3,Ongoing - High Court,Not Started,42.1,6.7,0.43,Low,2023-02-23,1460,2027-02-22,0.937,480,High
LA-0109,SEZ Development Project Kota-109,Rajasthan,Kota,SEZ Development,75.2,104,Not Disbursed,5.9,Possession Initiated,463,1,Ongoing - Supreme Court,Partially Complete,43.0,8.9,0.18,Medium,2023-08-11,730,2025-08-10,0.588,371,Medium
LA-0110,State Highway Project Bengaluru-110,Karnataka,Bengaluru,State Highway,35.48,334,Partially Disbursed,64.6,Award Declared,1215,0,None,Fully Complete,61.0,2.2,0.38,Low,2023-05-19,730,2025-05-18,0.198,295,Low
LA-0111,Irrigation Canal Project Coimbatore-111,Tamil Nadu,Coimbatore,Irrigation Canal,37.6,113,Fully Disbursed,92.7,Possession Initiated,326,0,None,Not Started,48.8,1.3,0.69,Low,2023-01-06,1460,2027-01-05,0.469,228,Medium
LA-0112,Power Transmission Line Project Muzaffarpur-112,Bihar,Muzaffarpur,Power Transmission Line,10.49,52,Not Disbursed,6.6,Rehabilitation Ongoing,88,1,Resolved in Favor,Not Started,65.4,2.8,0.37,Medium,2021-04-11,1460,2025-04-10,0.653,491,High
LA-0113,Irrigation Canal Project Coimbatore-113,Tamil Nadu,Coimbatore,Irrigation Canal,41.99,172,Partially Disbursed,26.9,Award Declared,484,0,None,Not Started,86.0,7.5,0.62,Low,2022-05-29,545,2023-11-25,0.375,246,Medium
LA-0114,Power Transmission Line Project Pune-114,Maharashtra,Pune,Power Transmission Line,22.96,142,Fully Disbursed,98.5,Notification (Sec 11),288,1,Resolved Against,Partially Complete,6.2,5.6,0.75,Low,2022-08-28,730,2024-08-27,0.522,397,Medium
LA-0115,Irrigation Canal Project Bhubaneswar-115,Odisha,Bhubaneswar,Irrigation Canal,26.17,66,Not Disbursed,7.6,Possession Complete,310,2,Ongoing - Supreme Court,Partially Complete,6.5,5.2,0.53,High,2021-12-03,730,2023-12-03,0.98,610,High
LA-0116,Industrial Corridor Project Coimbatore-116,Tamil Nadu,Coimbatore,Industrial Corridor,20.58,132,Fully Disbursed,99.6,Possession Initiated,454,2,Ongoing - Lower Court,Not Started,79.8,4.6,0.23,High,2023-03-25,1460,2027-03-24,0.768,443,High
LA-0117,Urban Metro Project Ahmedabad-117,Gujarat,Ahmedabad,Urban Metro,53.09,63,Not Disbursed,8.6,Possession Complete,264,1,Ongoing - Lower Court,Partially Complete,44.0,6.5,0.37,Medium,2022-06-21,1460,2026-06-20,0.66,449,High
LA-0118,Industrial Corridor Project Rourkela-118,Odisha,Rourkela,Industrial Corridor,38.08,185,Not Disbursed,6.3,SIA Completed,138,1,Resolved in Favor,Not Started,71.9,9.0,0.41,High,2024-02-24,730,2026-02-23,0.766,347,High
LA-0119,State Highway Project Kolkata-119,West Bengal,Kolkata,State Highway,48.88,105,Partially Disbursed,33.6,Possession Initiated,365,1,Ongoing - Supreme Court,Partially Complete,33.5,2.6,0.65,Low,2021-04-03,365,2022-04-03,0.792,494,High
LA-0120,State Highway Project Gaya-120,Bihar,Gaya,State Highway,34.43,98,Not Disbursed,4.5,Possession Complete,93,2,Ongoing - High Court,Partially Complete,12.6,7.1,0.64,Low,2024-01-12,1095,2027-01-11,0.947,424,High
LA-0121,Railway Line Project Siliguri-121,West Bengal,Siliguri,Railway Line,30.94,195,Fully Disbursed,95.1,Rehabilitation Ongoing,170,0,None,Not Started,65.3,9.4,0.35,Medium,2023-04-16,730,2025-04-15,0.165,222,Low
LA-0122,Industrial Corridor Project Meerut-122,Uttar Pradesh,Meerut,Industrial Corridor,57.65,283,Not Disbursed,6.7,Possession Initiated,73,1,Ongoing - High Court,Fully Complete,97.7,2.0,0.11,Low,2023-01-23,1460,2027-01-22,0.449,291,Medium
LA-0123,Urban Metro Project Ahmedabad-123,Gujarat,Ahmedabad,Urban Metro,48.7,153,Not Disbursed,2.9,Notification (Sec 11),774,1,Resolved in Favor,Not Started,70.4,5.9,0.37,Low,2024-05-07,365,2025-05-07,0.602,293,Medium
LA-0124,Irrigation Canal Project Lucknow-124,Uttar Pradesh,Lucknow,Irrigation Canal,39.53,104,Fully Disbursed,97.4,Possession Complete,570,1,Ongoing - High Court,Not Started,7.9,3.2,0.58,High,2022-03-01,1460,2026-02-28,0.925,525,High
LA-0125,Industrial Corridor Project Jodhpur-125,Rajasthan,Jodhpur,Industrial Corridor,21.31,159,Fully Disbursed,98.8,Possession Complete,665,0,None,Not Started,43.5,8.0,0.85,High,2021-10-24,545,2023-04-22,0.524,348,Medium
LA-0126,Railway Line Project Mysuru-126,Karnataka,Mysuru,Railway Line,116.9,48,Not Disbursed,7.0,Notification (Sec 11),342,2,Ongoing - High Court,Not Started,74.4,5.6,0.32,High,2022-05-03,1460,2026-05-02,0.937,501,High
LA-0127,Railway Line Project Ahmedabad-127,Gujarat,Ahmedabad,Railway Line,24.43,38,Not Disbursed,1.4,SIA Completed,349,1,Resolved in Favor,Partially Complete,20.7,5.6,0.14,Medium,2023-09-03,1095,2026-09-02,0.464,263,Medium
LA-0128,Airport Expansion Project Ahmedabad-128,Gujarat,Ahmedabad,Airport Expansion,48.34,325,Partially Disbursed,39.8,Possession Complete,191,1,Ongoing - Lower Court,Partially Complete,49.4,7.3,0.49,High,2023-12-04,730,2025-12-03,0.663,255,High
LA-0129,National Highway Project Madurai-129,Tamil Nadu,Madurai,National Highway,10.09,27,Not Disbursed,6.1,Possession Initiated,465,0,None,Fully Complete,38.4,5.1,0.36,Medium,2021-08-10,1095,2024-08-09,0.272,213,Low
LA-0130,State Highway Project Chennai-130,Tamil Nadu,Chennai,State Highway,90.04,88,Partially Disbursed,80.6,SIA Completed,154,0,None,Not Started,63.6,9.2,0.66,Low,2024-07-20,1460,2028-07-19,0.195,252,Low
LA-0131,Industrial Corridor Project Hubballi-131,Karnataka,Hubballi,Industrial Corridor,26.8,174,Partially Disbursed,20.7,Possession Complete,73,1,Resolved Against,Not Started,12.3,6.0,0.35,Medium,2023-06-01,365,2024-05-31,0.951,416,High
LA-0132,Irrigation Canal Project Thane-132,Maharashtra,Thane,Irrigation Canal,68.76,182,Partially Disbursed,30.7,SIA Completed,336,3,Resolved in Favor,Not Started,31.9,6.2,0.67,Medium,2023-05-02,365,2024-05-01,0.951,434,High
LA-0133,Industrial Corridor Project Rajkot-133,Gujarat,Rajkot,Industrial Corridor,71.0,286,Partially Disbursed,20.7,Award Declared,176,1,Ongoing - High Court,Partially Complete,34.1,1.6,0.39,Medium,2021-07-06,365,2022-07-06,0.677,331,High
LA-0134,State Highway Project Aurangabad-134,Maharashtra,Aurangabad,State Highway,68.59,379,Fully Disbursed,96.9,Award Declared,402,2,Ongoing - High Court,Partially Complete,3.9,1.3,0.28,Medium,2024-02-25,1460,2028-02-24,0.75,357,High
LA-0135,Urban Metro Project Ahmedabad-135,Gujarat,Ahmedabad,Urban Metro,10.09,99,Partially Disbursed,33.5,Rehabilitation Ongoing,921,0,None,Fully Complete,96.1,4.5,0.51,Medium,2021-04-16,730,2023-04-16,0.154,110,Low
LA-0136,Industrial Corridor Project Howrah-136,West Bengal,Howrah,Industrial Corridor,17.3,148,Not Disbursed,7.6,Possession Complete,159,0,None,Not Started,34.2,3.4,0.32,Medium,2022-04-05,365,2023-04-05,0.589,387,Medium
LA-0137,State Highway Project Vadodara-137,Gujarat,Vadodara,State Highway,68.47,19,Fully Disbursed,94.0,Possession Complete,882,0,None,Not Started,39.5,1.4,0.74,Medium,2024-02-23,1460,2028-02-22,0.88,341,High
LA-0138,Dam/Reservoir Project Siliguri-138,West Bengal,Siliguri,Dam/Reservoir,46.54,187,Not Disbursed,1.3,Rehabilitation Ongoing,236,1,Ongoing - Supreme Court,Not Started,46.3,9.8,0.58,Low,2022-09-25,730,2024-09-24,0.886,441,High
LA-0139,Railway Line Project Ahmedabad-139,Gujarat,Ahmedabad,Railway Line,10.39,310,Fully Disbursed,95.1,Possession Complete,335,0,None,Partially Complete,82.8,7.9,0.53,Low,2024-07-20,365,2025-07-20,0.085,129,Low
LA-0140,Irrigation Canal Project Thane-140,Maharashtra,Thane,Irrigation Canal,36.41,293,Partially Disbursed,76.3,Possession Initiated,354,2,Ongoing - Supreme Court,Not Started,47.7,7.2,0.59,Low,2022-10-27,1460,2026-10-26,0.887,425,High
LA-0141,National Highway Project Kolkata-141,West Bengal,Kolkata,National Highway,24.35,78,Not Disbursed,9.6,Possession Complete,761,1,Ongoing - Lower Court,Partially Complete,1.4,7.6,0.53,Low,2023-05-19,1095,2026-05-18,0.596,402,Medium
LA-0142,Urban Metro Project Howrah-142,West Bengal,Howrah,Urban Metro,27.15,297,Not Disbursed,6.1,Possession Complete,689,0,None,Not Started,40.7,1.6,0.33,Medium,2022-08-04,1460,2026-08-03,0.7,251,High
LA-0143,Power Transmission Line Project Madurai-143,Tamil Nadu,Madurai,Power Transmission Line,45.46,347,Not Disbursed,0.5,Possession Initiated,417,0,None,Fully Complete,28.1,8.2,0.43,Low,2022-02-23,730,2024-02-23,0.185,218,Low
LA-0144,Power Transmission Line Project Jodhpur-144,Rajasthan,Jodhpur,Power Transmission Line,57.61,210,Not Disbursed,6.0,Notification (Sec 11),131,1,Ongoing - Lower Court,Partially Complete,44.9,6.3,0.35,Medium,2021-09-22,1095,2024-09-21,0.66,306,High
LA-0145,Irrigation Canal Project Hubballi-145,Karnataka,Hubballi,Irrigation Canal,62.38,188,Partially Disbursed,20.7,Rehabilitation Ongoing,602,1,Ongoing - Supreme Court,Not Started,13.4,6.7,0.36,High,2021-03-28,1095,2024-03-27,0.972,541,High
LA-0146,State Highway Project Varanasi-146,Uttar Pradesh,Varanasi,State Highway,19.66,237,Fully Disbursed,92.7,Possession Complete,194,0,None,Partially Complete,78.9,9.0,0.58,Medium,2023-05-06,730,2025-05-05,0.088,189,Low
LA-0147,National Highway Project Aurangabad-147,Maharashtra,Aurangabad,National Highway,37.52,126,Fully Disbursed,90.0,SIA Completed,1439,3,Resolved Against,Partially Complete,95.1,7.3,0.36,Medium,2023-01-12,365,2024-01-12,0.639,392,Medium
LA-0148,Irrigation Canal Project Bhubaneswar-148,Odisha,Bhubaneswar,Irrigation Canal,77.33,180,Partially Disbursed,44.3,Possession Initiated,377,0,None,Partially Complete,5.2,7.9,0.64,Low,2022-09-28,730,2024-09-27,0.093,203,Low
LA-0149,Railway Line Project Udaipur-149,Rajasthan,Udaipur,Railway Line,53.02,272,Not Disbursed,6.8,Rehabilitation Ongoing,392,2,Ongoing - Lower Court,Partially Complete,64.5,4.6,0.31,Low,2022-12-17,730,2024-12-16,0.848,393,High
LA-0150,State Highway Project Indore-150,Madhya Pradesh,Indore,State Highway,56.67,22,Not Disbursed,0.1,SIA Completed,456,0,None,Not Started,41.4,5.4,0.57,Low,2021-06-04,545,2022-12-01,0.129,238,Low
LA-0151,SEZ Development Project Coimbatore-151,Tamil Nadu,Coimbatore,SEZ Development,40.37,135,Fully Disbursed,97.7,Possession Initiated,619,1,Resolved Against,Partially Complete,1.7,7.9,0.41,High,2022-10-24,730,2024-10-23,0.596,396,Medium
LA-0152,State Highway Project Gwalior-152,Madhya Pradesh,Gwalior,State Highway,24.43,41,Partially Disbursed,58.5,Rehabilitation Ongoing,99,0,None,Not Started,89.9,8.0,0.42,Low,2021-04-26,730,2023-04-26,0.3,155,Low
LA-0153,Power Transmission Line Project Bengaluru-153,Karnataka,Bengaluru,Power Transmission Line,22.94,70,Partially Disbursed,45.5,Notification (Sec 11),208,3,Ongoing - Lower Court,Partially Complete,96.3,1.7,0.26,Low,2021-07-04,1460,2025-07-03,0.688,372,High
LA-0154,Urban Metro Project Siliguri-154,West Bengal,Siliguri,Urban Metro,32.71,178,Partially Disbursed,57.7,Possession Complete,1059,0,None,Fully Complete,34.5,9.3,0.41,Medium,2021-03-26,1095,2024-03-25,0.036,121,Low
LA-0155,Irrigation Canal Project Siliguri-155,West Bengal,Siliguri,Irrigation Canal,57.19,64,Partially Disbursed,49.7,Possession Initiated,1520,1,Resolved Against,Not Started,27.5,8.3,0.78,Low,2021-07-31,730,2023-07-31,0.491,271,Medium
LA-0156,Railway Line Project Thane-156,Maharashtra,Thane,Railway Line,38.0,33,Not Disbursed,8.4,Rehabilitation Ongoing,336,0,None,Partially Complete,96.1,2.8,0.21,Medium,2023-12-07,1460,2027-12-06,0.382,419,Medium
LA-0157,Industrial Corridor Project Jabalpur-157,Madhya Pradesh,Jabalpur,Industrial Corridor,15.04,150,Fully Disbursed,99.4,Possession Initiated,430,2,Resolved in Favor,Fully Complete,16.2,5.3,0.31,Medium,2021-04-18,730,2023-04-18,0.41,374,Medium
LA-0158,State Highway Project Nashik-158,Maharashtra,Nashik,State Highway,76.25,352,Partially Disbursed,10.7,Possession Initiated,542,0,None,Not Started,63.4,3.0,0.58,Medium,2024-05-19,545,2025-11-15,0.491,330,Medium
LA-0159,SEZ Development Project Ahmedabad-159,Gujarat,Ahmedabad,SEZ Development,46.87,131,Partially Disbursed,31.7,Award Declared,278,1,Ongoing - Supreme Court,Fully Complete,76.1,4.3,0.66,Medium,2023-03-14,545,2024-09-09,0.733,261,High
LA-0160,State Highway Project Siliguri-160,West Bengal,Siliguri,State Highway,70.1,179,Partially Disbursed,28.0,Possession Initiated,86,0,None,Partially Complete,50.6,3.0,0.48,Low,2021-09-19,1460,2025-09-18,0.305,176,Low
LA-0161,Dam/Reservoir Project Aurangabad-161,Maharashtra,Aurangabad,Dam/Reservoir,110.91,379,Partially Disbursed,77.1,Award Declared,451,0,None,Not Started,78.0,5.3,0.23,High,2022-12-01,1095,2025-11-30,0.283,192,Low
LA-0162,Railway Line Project Jodhpur-162,Rajasthan,Jodhpur,Railway Line,49.58,98,Not Disbursed,0.7,Award Declared,576,2,Ongoing - Lower Court,Partially Complete,69.4,7.9,0.31,Medium,2023-12-15,365,2024-12-14,0.845,412,High
LA-0163,SEZ Development Project Surat-163,Gujarat,Surat,SEZ Development,71.72,87,Partially Disbursed,10.0,SIA Completed,390,0,None,Not Started,97.3,3.0,0.29,Medium,2024-07-03,545,2025-12-30,0.444,327,Medium
LA-0164,Urban Metro Project Chennai-164,Tamil Nadu,Chennai,Urban Metro,17.94,108,Partially Disbursed,63.4,Rehabilitation Ongoing,900,0,None,Not Started,90.2,8.3,0.67,Medium,2022-08-07,1095,2025-08-06,0.124,156,Low
LA-0165,Power Transmission Line Project Jodhpur-165,Rajasthan,Jodhpur,Power Transmission Line,45.86,64,Fully Disbursed,90.4,Possession Initiated,609,1,Ongoing - High Court,Partially Complete,71.4,7.8,0.45,High,2023-06-22,1095,2026-06-21,0.446,149,Medium
LA-0166,Dam/Reservoir Project Gaya-166,Bihar,Gaya,Dam/Reservoir,43.97,196,Partially Disbursed,79.1,SIA Completed,773,1,Ongoing - High Court,Fully Complete,80.7,2.8,0.26,Low,2022-05-28,365,2023-05-28,0.066,275,Low
LA-0167,Dam/Reservoir Project Coimbatore-167,Tamil Nadu,Coimbatore,Dam/Reservoir,67.64,132,Fully Disbursed,97.3,Rehabilitation Ongoing,671,0,None,Fully Complete,83.9,1.1,0.22,High,2022-08-07,365,2023-08-07,0.157,258,Low
LA-0168,Airport Expansion Project Jabalpur-168,Madhya Pradesh,Jabalpur,Airport Expansion,55.81,423,Fully Disbursed,95.5,SIA Completed,429,0,None,Fully Complete,86.5,2.4,0.28,Low,2022-03-31,1095,2025-03-30,0.02,121,Low
LA-0169,Urban Metro Project Ahmedabad-169,Gujarat,Ahmedabad,Urban Metro,63.3,217,Not Disbursed,8.3,Possession Complete,113,0,None,Partially Complete,54.9,3.6,0.3,Low,2021-06-17,730,2023-06-17,0.117,125,Low
LA-0170,Industrial Corridor Project Jaipur-170,Rajasthan,Jaipur,Industrial Corridor,73.91,74,Fully Disbursed,96.9,Rehabilitation Ongoing,369,0,None,Partially Complete,37.4,9.5,0.66,High,2021-10-09,365,2022-10-09,0.214,197,Low
LA-0171,Railway Line Project Gaya-171,Bihar,Gaya,Railway Line,54.17,95,Fully Disbursed,99.8,Possession Initiated,506,1,Resolved in Favor,Partially Complete,97.1,2.0,0.68,High,2021-02-08,730,2023-02-08,0.475,268,Medium
LA-0172,Dam/Reservoir Project Jodhpur-172,Rajasthan,Jodhpur,Dam/Reservoir,97.83,30,Fully Disbursed,92.9,Possession Complete,240,2,Resolved Against,Partially Complete,7.6,9.6,0.37,High,2022-05-02,730,2024-05-01,0.642,452,Medium
LA-0173,Irrigation Canal Project Pune-173,Maharashtra,Pune,Irrigation Canal,82.64,297,Partially Disbursed,30.3,Possession Complete,836,1,Resolved in Favor,Not Started,15.5,9.5,0.53,High,2023-10-21,1460,2027-10-20,0.777,405,High
LA-0174,Dam/Reservoir Project Bengaluru-174,Karnataka,Bengaluru,Dam/Reservoir,15.51,62,Partially Disbursed,29.0,Rehabilitation Ongoing,1238,0,None,Not Started,84.0,2.7,0.32,Medium,2024-06-13,730,2026-06-13,0.527,332,Medium
LA-0175,Railway Line Project Kota-175,Rajasthan,Kota,Railway Line,44.83,93,Partially Disbursed,54.2,Notification (Sec 11),83,0,None,Partially Complete,71.4,1.8,0.49,Low,2023-12-14,1460,2027-12-13,0.195,198,Low
LA-0176,Dam/Reservoir Project Hubballi-176,Karnataka,Hubballi,Dam/Reservoir,25.36,398,Not Disbursed,6.7,Possession Initiated,326,3,Ongoing - Lower Court,Partially Complete,20.0,6.6,0.58,High,2022-06-04,365,2023-06-04,0.98,533,High
LA-0177,Industrial Corridor Project Ahmedabad-177,Gujarat,Ahmedabad,Industrial Corridor,40.94,149,Not Disbursed,2.7,Rehabilitation Ongoing,716,1,Ongoing - Lower Court,Fully Complete,63.0,3.2,0.36,Medium,2022-11-12,545,2024-05-10,0.918,545,High
LA-0178,Dam/Reservoir Project Lucknow-178,Uttar Pradesh,Lucknow,Dam/Reservoir,24.01,89,Partially Disbursed,47.7,Rehabilitation Ongoing,66,1,Ongoing - High Court,Fully Complete,76.4,4.7,0.26,Medium,2023-09-08,545,2025-03-06,0.531,316,Medium
LA-0179,Airport Expansion Project Bhopal-179,Madhya Pradesh,Bhopal,Airport Expansion,33.53,197,Not Disbursed,8.1,SIA Completed,163,0,None,Not Started,25.0,5.6,0.13,Low,2021-03-27,730,2023-03-27,0.385,355,Medium
LA-0180,Urban Metro Project Muzaffarpur-180,Bihar,Muzaffarpur,Urban Metro,29.62,198,Fully Disbursed,95.1,Possession Complete,339,1,Resolved in Favor,Not Started,39.3,6.0,0.24,High,2022-01-27,730,2024-01-27,0.363,323,Medium
LA-0181,Industrial Corridor Project Ahmedabad-181,Gujarat,Ahmedabad,Industrial Corridor,64.54,181,Not Disbursed,6.1,Award Declared,644,1,Resolved in Favor,Fully Complete,11.8,2.5,0.47,Medium,2023-03-03,730,2025-03-02,0.914,405,High
LA-0182,Airport Expansion Project Gwalior-182,Madhya Pradesh,Gwalior,Airport Expansion,51.34,112,Partially Disbursed,28.4,Possession Complete,324,0,None,Not Started,22.0,9.6,0.6,Low,2023-05-20,365,2024-05-19,0.48,242,Medium
LA-0183,Railway Line Project Rourkela-183,Odisha,Rourkela,Railway Line,9.36,279,Partially Disbursed,40.9,Award Declared,858,1,Ongoing - Lower Court,Not Started,60.6,2.1,0.32,Medium,2022-09-20,1095,2025-09-19,0.777,333,High
LA-0184,Urban Metro Project Siliguri-184,West Bengal,Siliguri,Urban Metro,58.16,120,Not Disbursed,4.2,Possession Initiated,476,1,Ongoing - Supreme Court,Partially Complete,62.8,7.2,0.49,Medium,2022-12-24,1460,2026-12-23,0.916,496,High
LA-0185,National Highway Project Cuttack-185,Odisha,Cuttack,National Highway,50.31,13,Not Disbursed,4.5,Rehabilitation Ongoing,359,1,Resolved in Favor,Partially Complete,38.8,8.2,0.44,High,2021-11-24,365,2022-11-24,0.557,405,Medium
LA-0186,National Highway Project Gwalior-186,Madhya Pradesh,Gwalior,National Highway,44.88,83,Not Disbursed,8.0,SIA Completed,57,0,None,Fully Complete,37.3,1.6,0.54,Low,2023-02-24,1460,2027-02-23,0.212,136,Low
LA-0187,Railway Line Project Kanpur-187,Uttar Pradesh,Kanpur,Railway Line,66.24,313,Partially Disbursed,59.6,Award Declared,509,1,Ongoing - Supreme Court,Partially Complete,78.2,7.8,0.68,Low,2021-10-09,1460,2025-10-08,0.511,412,Medium
LA-0188,Industrial Corridor Project Rajkot-188,Gujarat,Rajkot,Industrial Corridor,50.9,62,Partially Disbursed,24.6,SIA Completed,542,1,Ongoing - Lower Court,Not Started,88.9,6.2,0.48,Low,2023-11-27,1095,2026-11-26,0.387,333,Medium
LA-0189,Power Transmission Line Project Bengaluru-189,Karnataka,Bengaluru,Power Transmission Line,102.7,112,Fully Disbursed,92.1,Rehabilitation Ongoing,755,0,None,Partially Complete,7.7,7.3,0.43,High,2022-08-08,1095,2025-08-07,0.363,261,Medium
LA-0190,Railway Line Project Jaipur-190,Rajasthan,Jaipur,Railway Line,73.75,204,Fully Disbursed,96.4,Possession Initiated,140,1,Ongoing - High Court,Fully Complete,59.5,3.4,0.32,Medium,2021-06-29,730,2023-06-29,0.584,353,Medium
LA-0191,Dam/Reservoir Project Ahmedabad-191,Gujarat,Ahmedabad,Dam/Reservoir,60.12,228,Partially Disbursed,37.6,Award Declared,540,1,Ongoing - High Court,Partially Complete,89.8,9.0,0.22,High,2021-12-23,730,2023-12-23,0.604,334,Medium
LA-0192,State Highway Project Bengaluru-192,Karnataka,Bengaluru,State Highway,29.57,211,Fully Disbursed,93.3,SIA Completed,711,1,Ongoing - High Court,Fully Complete,4.0,4.7,0.54,Low,2024-02-09,1460,2028-02-08,0.636,294,Medium
LA-0193,Dam/Reservoir Project Rajkot-193,Gujarat,Rajkot,Dam/Reservoir,10.01,211,Not Disbursed,0.1,Notification (Sec 11),554,2,Ongoing - Lower Court,Not Started,58.1,9.9,0.61,High,2023-09-08,1460,2027-09-07,0.895,567,High
LA-0194,SEZ Development Project Cuttack-194,Odisha,Cuttack,SEZ Development,23.12,362,Not Disbursed,9.3,Award Declared,463,2,Ongoing - Lower Court,Partially Complete,59.3,1.5,0.74,Medium,2022-12-07,545,2024-06-04,0.9,432,High
LA-0195,SEZ Development Project Hubballi-195,Karnataka,Hubballi,SEZ Development,88.38,133,Not Disbursed,7.0,SIA Completed,125,1,Resolved in Favor,Partially Complete,17.9,7.3,0.75,High,2021-09-12,1460,2025-09-11,0.675,367,High
LA-0196,Railway Line Project Jabalpur-196,Madhya Pradesh,Jabalpur,Railway Line,48.99,194,Not Disbursed,8.4,Rehabilitation Ongoing,1010,1,Ongoing - High Court,Not Started,15.4,6.2,0.51,High,2022-08-05,365,2023-08-05,0.953,597,High
LA-0197,Dam/Reservoir Project Patna-197,Bihar,Patna,Dam/Reservoir,92.23,66,Not Disbursed,8.8,Rehabilitation Ongoing,370,2,Ongoing - Supreme Court,Partially Complete,73.7,3.6,0.49,Low,2021-12-12,1460,2025-12-11,0.98,536,High
LA-0198,Railway Line Project Kolkata-198,West Bengal,Kolkata,Railway Line,37.13,86,Partially Disbursed,73.9,Rehabilitation Ongoing,356,0,None,Fully Complete,7.1,2.9,0.42,Low,2024-02-29,365,2025-02-28,0.02,119,Low
LA-0199,National Highway Project Ghaziabad-199,Uttar Pradesh,Ghaziabad,National Highway,33.42,23,Fully Disbursed,92.3,Possession Complete,284,0,None,Not Started,35.5,7.1,0.39,Low,2024-03-17,1095,2027-03-17,0.157,258,Low
LA-0200,National Highway Project Siliguri-200,West Bengal,Siliguri,National Highway,31.39,130,Partially Disbursed,70.3,Rehabilitation Ongoing,198,1,Resolved Against,Not Started,62.4,3.5,0.32,High,2023-09-17,545,2025-03-15,0.783,299,High
LA-0201,Airport Expansion Project Cuttack-201,Odisha,Cuttack,Airport Expansion,31.11,121,Not Disbursed,7.3,Notification (Sec 11),243,1,Ongoing - High Court,Partially Complete,53.8,8.6,0.27,Medium,2022-02-22,730,2024-02-22,0.519,431,Medium
LA-0202,Industrial Corridor Project Kolkata-202,West Bengal,Kolkata,Industrial Corridor,38.2,308,Fully Disbursed,93.3,Award Declared,396,1,Ongoing - Supreme Court,Fully Complete,19.6,9.6,0.49,Low,2023-01-29,1460,2027-01-28,0.035,169,Low
LA-0203,Industrial Corridor Project Bengaluru-203,Karnataka,Bengaluru,Industrial Corridor,148.38,166,Not Disbursed,6.6,Notification (Sec 11),93,0,None,Not Started,21.9,2.6,0.37,Low,2021-07-18,365,2022-07-18,0.712,305,High
LA-0204,SEZ Development Project Gaya-204,Bihar,Gaya,SEZ Development,45.65,85,Partially Disbursed,73.4,SIA Completed,933,1,Ongoing - Supreme Court,Fully Complete,21.8,8.9,0.32,Medium,2022-01-24,545,2023-07-23,0.24,279,Low
LA-0205,Airport Expansion Project Madurai-205,Tamil Nadu,Madurai,Airport Expansion,78.29,119,Partially Disbursed,46.5,Award Declared,139,0,None,Partially Complete,20.8,3.1,0.44,Low,2023-03-17,1460,2027-03-16,0.448,390,Medium
LA-0206,Irrigation Canal Project Chennai-206,Tamil Nadu,Chennai,Irrigation Canal,35.17,88,Partially Disbursed,39.8,Notification (Sec 11),251,2,Ongoing - Lower Court,Not Started,50.1,1.5,0.28,Medium,2023-08-22,730,2025-08-21,0.951,441,High
LA-0207,State Highway Project Bengaluru-207,Karnataka,Bengaluru,State Highway,77.17,112,Partially Disbursed,27.8,Award Declared,258,0,None,Partially Complete,17.3,4.4,0.5,High,2023-01-20,365,2024-01-20,0.451,410,Medium
LA-0208,SEZ Development Project Bhubaneswar-208,Odisha,Bhubaneswar,SEZ Development,28.27,173,Partially Disbursed,52.4,Award Declared,242,1,Resolved Against,Not Started,77.5,3.1,0.43,Low,2023-07-12,1460,2027-07-11,0.693,357,High
LA-0209,SEZ Development Project Muzaffarpur-209,Bihar,Muzaffarpur,SEZ Development,42.29,161,Not Disbursed,6.1,Notification (Sec 11),533,0,None,Partially Complete,96.3,1.1,0.53,High,2022-11-26,1460,2026-11-25,0.731,479,High
LA-0210,Irrigation Canal Project Surat-210,Gujarat,Surat,Irrigation Canal,18.83,40,Partially Disbursed,35.8,Possession Initiated,659,0,None,Partially Complete,16.3,6.4,0.42,Low,2021-10-08,730,2023-10-08,0.115,58,Low
LA-0211,Airport Expansion Project Madurai-211,Tamil Nadu,Madurai,Airport Expansion,35.59,25,Not Disbursed,7.5,Possession Complete,627,0,None,Not Started,21.2,7.0,0.55,High,2022-10-15,545,2024-04-12,0.458,229,Medium
LA-0212,Power Transmission Line Project Rourkela-212,Odisha,Rourkela,Power Transmission Line,33.74,204,Partially Disbursed,23.8,Possession Complete,949,1,Resolved Against,Partially Complete,28.8,5.4,0.41,Medium,2022-09-06,1095,2025-09-05,0.785,318,High
LA-0213,Industrial Corridor Project Lucknow-213,Uttar Pradesh,Lucknow,Industrial Corridor,17.09,110,Partially Disbursed,35.8,Possession Initiated,617,1,Resolved Against,Not Started,89.8,4.6,0.48,High,2024-07-12,365,2025-07-12,0.98,490,High
LA-0214,Power Transmission Line Project Howrah-214,West Bengal,Howrah,Power Transmission Line,44.5,59,Fully Disbursed,90.7,Possession Complete,1122,1,Resolved Against,Not Started,10.3,2.6,0.54,Low,2023-09-11,545,2025-03-09,0.467,349,Medium
LA-0215,SEZ Development Project Hubballi-215,Karnataka,Hubballi,SEZ Development,38.41,185,Fully Disbursed,94.6,Possession Initiated,623,1,Ongoing - High Court,Fully Complete,82.4,8.4,0.25,Low,2024-03-18,365,2025-03-18,0.07,73,Low
LA-0216,Airport Expansion Project Jaipur-216,Rajasthan,Jaipur,Airport Expansion,75.43,86,Partially Disbursed,45.0,SIA Completed,287,2,Resolved in Favor,Partially Complete,45.9,3.7,0.53,Medium,2024-06-06,1095,2027-06-06,0.72,420,High
LA-0217,Railway Line Project Meerut-217,Uttar Pradesh,Meerut,Railway Line,28.77,136,Partially Disbursed,59.2,Possession Complete,1257,0,None,Not Started,11.6,6.5,0.52,Medium,2023-12-13,1095,2026-12-12,0.452,333,Medium
LA-0218,Airport Expansion Project Surat-218,Gujarat,Surat,Airport Expansion,34.93,78,Fully Disbursed,96.1,Award Declared,112,0,None,Partially Complete,41.3,7.1,0.34,Medium,2022-06-26,1460,2026-06-25,0.088,170,Low
LA-0219,Irrigation Canal Project Chennai-219,Tamil Nadu,Chennai,Irrigation Canal,17.19,96,Not Disbursed,0.4,Award Declared,468,1,Ongoing - High Court,Fully Complete,95.8,3.0,0.6,High,2022-08-15,545,2024-02-11,0.945,495,High
LA-0220,Airport Expansion Project Coimbatore-220,Tamil Nadu,Coimbatore,Airport Expansion,16.27,397,Partially Disbursed,42.1,Rehabilitation Ongoing,327,2,Ongoing - Supreme Court,Not Started,37.9,9.2,0.49,Medium,2024-01-18,1095,2027-01-17,0.925,446,High
LA-0221,Railway Line Project Cuttack-221,Odisha,Cuttack,Railway Line,129.6,111,Not Disbursed,0.1,Award Declared,389,1,Ongoing - Lower Court,Not Started,67.1,8.2,0.43,Medium,2022-06-10,1095,2025-06-09,0.791,366,High
LA-0222,Dam/Reservoir Project Jodhpur-222,Rajasthan,Jodhpur,Dam/Reservoir,64.83,141,Not Disbursed,6.9,Possession Complete,317,1,Ongoing - Supreme Court,Not Started,30.7,5.9,0.28,Medium,2024-04-16,545,2025-10-13,0.877,423,High
LA-0223,Dam/Reservoir Project Jaipur-223,Rajasthan,Jaipur,Dam/Reservoir,17.09,64,Not Disbursed,6.6,SIA Completed,348,0,None,Not Started,83.5,9.8,0.39,Medium,2023-08-26,365,2024-08-25,0.157,211,Low
LA-0224,Dam/Reservoir Project Bhopal-224,Madhya Pradesh,Bhopal,Dam/Reservoir,37.45,17,Fully Disbursed,97.9,SIA Completed,1003,0,None,Partially Complete,58.8,4.6,0.46,High,2023-09-02,1095,2026-09-01,0.294,324,Low
LA-0225,Industrial Corridor Project Udaipur-225,Rajasthan,Udaipur,Industrial Corridor,19.84,109,Not Disbursed,0.5,Notification (Sec 11),722,0,None,Fully Complete,22.6,8.4,0.15,Low,2024-03-21,545,2025-09-17,0.037,195,Low
LA-0226,National Highway Project Hubballi-226,Karnataka,Hubballi,National Highway,23.86,2,Fully Disbursed,91.6,SIA Completed,307,2,Resolved in Favor,Fully Complete,14.9,3.4,0.28,Low,2021-03-16,1095,2024-03-15,0.125,166,Low
LA-0227,Power Transmission Line Project Chennai-227,Tamil Nadu,Chennai,Power Transmission Line,44.0,369,Fully Disbursed,98.9,Notification (Sec 11),196,0,None,Not Started,23.0,4.7,0.56,Medium,2022-11-18,730,2024-11-17,0.209,267,Low
LA-0228,Dam/Reservoir Project Madurai-228,Tamil Nadu,Madurai,Dam/Reservoir,68.88,48,Partially Disbursed,60.3,SIA Completed,318,1,Resolved Against,Partially Complete,98.8,9.8,0.54,Low,2021-08-19,730,2023-08-19,0.423,347,Medium
LA-0229,Power Transmission Line Project Gwalior-229,Madhya Pradesh,Gwalior,Power Transmission Line,45.73,535,Fully Disbursed,95.6,Notification (Sec 11),247,0,None,Partially Complete,93.4,7.2,0.48,High,2024-03-08,545,2025-09-04,0.26,198,Low
LA-0230,Urban Metro Project Gwalior-230,Madhya Pradesh,Gwalior,Urban Metro,25.6,203,Partially Disbursed,83.4,Notification (Sec 11),301,0,None,Partially Complete,67.6,6.3,0.69,Low,2021-10-15,1095,2024-10-14,0.15,125,Low
LA-0231,National Highway Project Surat-231,Gujarat,Surat,National Highway,103.55,70,Not Disbursed,2.3,SIA Completed,695,0,None,Partially Complete,13.1,6.5,0.32,Low,2022-11-07,730,2024-11-06,0.437,349,Medium
LA-0232,SEZ Development Project Siliguri-232,West Bengal,Siliguri,SEZ Development,39.05,103,Not Disbursed,2.6,Rehabilitation Ongoing,409,1,Ongoing - Supreme Court,Partially Complete,29.6,7.0,0.48,Low,2021-08-31,1095,2024-08-30,0.89,427,High
LA-0233,Urban Metro Project Patna-233,Bihar,Patna,Urban Metro,159.43,154,Partially Disbursed,40.5,Rehabilitation Ongoing,208,0,None,Fully Complete,52.5,7.3,0.47,Medium,2022-08-28,730,2024-08-27,0.057,285,Low
LA-0234,Irrigation Canal Project Kolkata-234,West Bengal,Kolkata,Irrigation Canal,75.7,61,Fully Disbursed,90.2,Possession Initiated,226,0,None,Not Started,66.5,6.0,0.32,Medium,2024-05-25,730,2026-05-25,0.106,223,Low
LA-0235,Dam/Reservoir Project Rourkela-235,Odisha,Rourkela,Dam/Reservoir,58.02,363,Fully Disbursed,97.1,Possession Complete,238,0,None,Fully Complete,1.3,5.9,0.54,High,2022-05-22,1460,2026-05-21,0.515,341,Medium
LA-0236,Airport Expansion Project Thane-236,Maharashtra,Thane,Airport Expansion,22.72,28,Partially Disbursed,33.6,Award Declared,1114,1,Ongoing - Lower Court,Fully Complete,53.2,8.9,0.37,Low,2024-01-27,1460,2028-01-26,0.333,219,Low
LA-0237,Railway Line Project Jodhpur-237,Rajasthan,Jodhpur,Railway Line,11.86,46,Partially Disbursed,19.6,Possession Complete,902,3,Resolved in Favor,Not Started,73.0,6.6,0.38,Low,2024-04-09,1095,2027-04-09,0.598,405,Medium
LA-0238,Airport Expansion Project Thane-238,Maharashtra,Thane,Airport Expansion,49.19,127,Fully Disbursed,90.6,Possession Initiated,173,1,Ongoing - High Court,Partially Complete,23.4,6.7,0.75,Medium,2021-04-29,1460,2025-04-28,0.607,302,Medium
LA-0239,Power Transmission Line Project Madurai-239,Tamil Nadu,Madurai,Power Transmission Line,18.96,374,Fully Disbursed,91.9,Possession Initiated,630,1,Ongoing - Supreme Court,Fully Complete,91.1,1.2,0.39,Medium,2024-03-30,365,2025-03-30,0.384,370,Medium
LA-0240,Industrial Corridor Project Varanasi-240,Uttar Pradesh,Varanasi,Industrial Corridor,70.21,56,Fully Disbursed,99.3,Possession Complete,1194,0,None,Fully Complete,58.5,9.7,0.36,High,2021-05-22,1095,2024-05-21,0.02,139,Low
LA-0241,Urban Metro Project Lucknow-241,Uttar Pradesh,Lucknow,Urban Metro,7.23,13,Not Disbursed,1.2,SIA Completed,232,1,Resolved in Favor,Partially Complete,64.8,1.6,0.51,High,2023-07-08,1095,2026-07-07,0.866,431,High
LA-0242,Dam/Reservoir Project Bhubaneswar-242,Odisha,Bhubaneswar,Dam/Reservoir,17.28,20,Not Disbursed,1.3,Award Declared,1106,0,None,Not Started,5.9,6.0,0.6,High,2023-03-16,1460,2027-03-15,0.821,314,High
LA-0243,National Highway Project Indore-243,Madhya Pradesh,Indore,National Highway,67.02,65,Fully Disbursed,93.0,Award Declared,442,0,None,Partially Complete,43.3,6.4,0.53,Medium,2023-05-19,1460,2027-05-18,0.288,401,Low
LA-0244,Irrigation Canal Project Bhubaneswar-244,Odisha,Bhubaneswar,Irrigation Canal,30.89,72,Partially Disbursed,75.6,SIA Completed,779,1,Ongoing - Supreme Court,Not Started,40.5,5.6,0.55,High,2021-08-20,365,2022-08-20,0.893,441,High
LA-0245,National Highway Project Rourkela-245,Odisha,Rourkela,National Highway,114.0,81,Not Disbursed,4.4,Notification (Sec 11),752,2,Ongoing - Lower Court,Partially Complete,21.6,5.0,0.5,Medium,2021-04-10,545,2022-10-07,0.98,577,High
LA-0246,Airport Expansion Project Varanasi-246,Uttar Pradesh,Varanasi,Airport Expansion,27.8,184,Not Disbursed,6.0,SIA Completed,882,1,Ongoing - Lower Court,Not Started,62.6,6.1,0.66,High,2022-04-25,1460,2026-04-24,0.847,402,High
LA-0247,Irrigation Canal Project Vadodara-247,Gujarat,Vadodara,Irrigation Canal,43.33,122,Partially Disbursed,25.2,SIA Completed,207,0,None,Fully Complete,51.2,5.3,0.61,Medium,2023-04-27,730,2025-04-26,0.265,253,Low
LA-0248,Dam/Reservoir Project Patna-248,Bihar,Patna,Dam/Reservoir,17.62,146,Fully Disbursed,99.6,Rehabilitation Ongoing,221,0,None,Fully Complete,4.4,2.7,0.77,Medium,2023-05-25,1460,2027-05-24,0.385,251,Medium
LA-0249,Industrial Corridor Project Chennai-249,Tamil Nadu,Chennai,Industrial Corridor,63.67,124,Fully Disbursed,93.6,Rehabilitation Ongoing,391,2,Resolved in Favor,Fully Complete,38.2,6.0,0.62,Low,2023-05-03,1095,2026-05-02,0.455,281,Medium
LA-0250,Urban Metro Project Jabalpur-250,Madhya Pradesh,Jabalpur,Urban Metro,4.12,145,Not Disbursed,3.2,Possession Complete,602,0,None,Partially Complete,79.8,7.1,0.24,High,2022-09-08,545,2024-03-06,0.745,326,High
LA-0251,Dam/Reservoir Project Chennai-251,Tamil Nadu,Chennai,Dam/Reservoir,15.7,138,Partially Disbursed,40.7,Possession Initiated,433,1,Resolved Against,Partially Complete,73.1,4.8,0.63,Low,2022-06-07,545,2023-12-04,0.675,377,High
LA-0252,Airport Expansion Project Ahmedabad-252,Gujarat,Ahmedabad,Airport Expansion,47.31,66,Fully Disbursed,95.2,Notification (Sec 11),569,0,None,Partially Complete,67.5,4.6,0.36,High,2021-04-16,730,2023-04-16,0.08,184,Low
LA-0253,SEZ Development Project Rourkela-253,Odisha,Rourkela,SEZ Development,115.04,289,Partially Disbursed,45.4,Notification (Sec 11),70,0,None,Not Started,74.2,1.2,0.63,High,2024-02-19,545,2025-08-17,0.639,280,Medium
LA-0254,Industrial Corridor Project Chennai-254,Tamil Nadu,Chennai,Industrial Corridor,51.59,332,Partially Disbursed,46.6,Notification (Sec 11),526,0,None,Not Started,59.9,5.6,0.17,Low,2021-08-29,1095,2024-08-28,0.062,259,Low
LA-0255,Urban Metro Project Jodhpur-255,Rajasthan,Jodhpur,Urban Metro,43.09,60,Fully Disbursed,95.2,Possession Complete,397,0,None,Not Started,2.3,8.8,0.59,Low,2023-08-13,1460,2027-08-12,0.136,291,Low
LA-0256,Power Transmission Line Project Vadodara-256,Gujarat,Vadodara,Power Transmission Line,50.38,169,Partially Disbursed,30.2,Possession Initiated,482,0,None,Partially Complete,55.5,6.3,0.74,High,2023-08-20,730,2025-08-19,0.351,297,Medium
LA-0257,Industrial Corridor Project Udaipur-257,Rajasthan,Udaipur,Industrial Corridor,15.95,72,Partially Disbursed,58.7,Possession Complete,88,1,Ongoing - High Court,Partially Complete,15.4,9.0,0.8,Low,2024-02-08,1460,2028-02-07,0.396,355,Medium
LA-0258,Urban Metro Project Siliguri-258,West Bengal,Siliguri,Urban Metro,75.17,212,Not Disbursed,2.3,SIA Completed,309,0,None,Not Started,85.9,5.5,0.28,Low,2022-05-19,1095,2025-05-18,0.4,346,Medium
LA-0259,Industrial Corridor Project Hubballi-259,Karnataka,Hubballi,Industrial Corridor,62.5,94,Not Disbursed,9.3,Possession Initiated,713,0,None,Fully Complete,13.1,7.0,0.61,Medium,2023-10-02,1095,2026-10-01,0.356,396,Medium
LA-0260,Railway Line Project Jabalpur-260,Madhya Pradesh,Jabalpur,Railway Line,40.55,32,Not Disbursed,6.5,Possession Complete,90,2,Resolved in Favor,Not Started,75.1,9.1,0.36,High,2021-05-01,1460,2025-04-30,0.695,416,High
LA-0261,National Highway Project Ghaziabad-261,Uttar Pradesh,Ghaziabad,National Highway,37.05,186,Fully Disbursed,92.5,Possession Initiated,824,0,None,Not Started,85.9,8.7,0.36,Medium,2021-05-20,545,2022-11-16,0.167,189,Low
LA-0262,Dam/Reservoir Project Noida-262,Uttar Pradesh,Noida,Dam/Reservoir,48.68,148,Partially Disbursed,58.4,Notification (Sec 11),310,1,Resolved Against,Partially Complete,95.2,4.0,0.34,High,2023-09-17,1095,2026-09-16,0.813,458,High
LA-0263,Dam/Reservoir Project Ghaziabad-263,Uttar Pradesh,Ghaziabad,Dam/Reservoir,63.53,93,Partially Disbursed,60.8,Notification (Sec 11),396,1,Ongoing - Lower Court,Partially Complete,84.9,4.5,0.46,Low,2022-08-11,365,2023-08-11,0.385,281,Medium
LA-0264,Urban Metro Project Hubballi-264,Karnataka,Hubballi,Urban Metro,15.28,156,Fully Disbursed,98.3,SIA Completed,613,2,Ongoing - Lower Court,Fully Complete,36.3,8.9,0.58,Medium,2022-05-09,545,2023-11-05,0.298,286,Low
LA-0265,Power Transmission Line Project Siliguri-265,West Bengal,Siliguri,Power Transmission Line,67.49,111,Fully Disbursed,92.7,Award Declared,828,0,None,Fully Complete,1.1,5.9,0.34,Low,2023-04-12,1095,2026-04-11,0.133,153,Low
LA-0266,Irrigation Canal Project Kolkata-266,West Bengal,Kolkata,Irrigation Canal,14.97,41,Not Disbursed,8.8,Notification (Sec 11),360,1,Ongoing - Lower Court,Not Started,42.2,8.1,0.43,Low,2024-02-06,1095,2027-02-05,0.661,344,High
LA-0267,National Highway Project Meerut-267,Uttar Pradesh,Meerut,National Highway,20.24,425,Fully Disbursed,93.2,Notification (Sec 11),728,0,None,Partially Complete,20.4,4.8,0.43,Medium,2022-11-10,1460,2026-11-09,0.154,234,Low
LA-0268,National Highway Project Thane-268,Maharashtra,Thane,National Highway,48.41,151,Not Disbursed,5.1,Rehabilitation Ongoing,1085,0,None,Fully Complete,99.4,3.1,0.57,Medium,2021-04-06,365,2022-04-06,0.413,256,Medium
LA-0269,SEZ Development Project Muzaffarpur-269,Bihar,Muzaffarpur,SEZ Development,27.52,281,Partially Disbursed,74.6,SIA Completed,512,2,Ongoing - Supreme Court,Not Started,53.8,9.9,0.45,Low,2021-10-23,1095,2024-10-22,0.415,403,Medium
LA-0270,Railway Line Project Nashik-270,Maharashtra,Nashik,Railway Line,58.59,83,Partially Disbursed,33.1,Possession Complete,497,0,None,Fully Complete,37.7,8.9,0.25,Low,2024-01-13,730,2026-01-12,0.02,195,Low
LA-0271,Railway Line Project Rourkela-271,Odisha,Rourkela,Railway Line,24.79,103,Fully Disbursed,93.2,Rehabilitation Ongoing,585,1,Ongoing - Lower Court,Partially Complete,7.1,9.2,0.37,High,2021-04-20,365,2022-04-20,0.533,287,Medium
LA-0272,State Highway Project Bhubaneswar-272,Odisha,Bhubaneswar,State Highway,23.35,142,Partially Disbursed,22.7,Possession Complete,419,4,Resolved Against,Partially Complete,28.4,3.6,0.4,High,2021-03-02,730,2023-03-02,0.953,464,High
LA-0273,Irrigation Canal Project Coimbatore-273,Tamil Nadu,Coimbatore,Irrigation Canal,16.98,150,Partially Disbursed,47.8,Possession Initiated,727,1,Resolved in Favor,Not Started,37.7,4.7,0.65,Medium,2023-02-18,365,2024-02-18,0.657,353,High
LA-0274,Irrigation Canal Project Howrah-274,West Bengal,Howrah,Irrigation Canal,31.03,44,Fully Disbursed,99.8,Notification (Sec 11),1001,1,Ongoing - Supreme Court,Not Started,14.6,9.4,0.37,Medium,2024-07-22,545,2026-01-18,0.634,401,Medium
LA-0275,Industrial Corridor Project Cuttack-275,Odisha,Cuttack,Industrial Corridor,35.24,85,Not Disbursed,3.6,Notification (Sec 11),289,0,None,Fully Complete,23.7,3.7,0.63,Medium,2022-07-07,365,2023-07-07,0.626,465,Medium
LA-0276,Railway Line Project Bhopal-276,Madhya Pradesh,Bhopal,Railway Line,20.4,337,Partially Disbursed,70.1,Possession Complete,990,1,Resolved Against,Partially Complete,5.6,6.5,0.28,Low,2021-07-03,730,2023-07-03,0.248,179,Low
LA-0277,SEZ Development Project Bengaluru-277,Karnataka,Bengaluru,SEZ Development,28.25,107,Partially Disbursed,19.2,Award Declared,528,1,Resolved in Favor,Not Started,19.5,2.5,0.7,Medium,2021-06-23,1460,2025-06-22,0.908,471,High
LA-0278,Urban Metro Project Jodhpur-278,Rajasthan,Jodhpur,Urban Metro,82.06,76,Not Disbursed,7.4,Award Declared,91,1,Ongoing - Supreme Court,Not Started,34.2,9.7,0.42,Low,2021-12-09,1095,2024-12-08,0.652,190,High
LA-0279,Power Transmission Line Project Gaya-279,Bihar,Gaya,Power Transmission Line,59.66,108,Partially Disbursed,35.6,Notification (Sec 11),302,2,Ongoing - Supreme Court,Not Started,80.5,8.6,0.6,Low,2024-07-04,1095,2027-07-04,0.789,395,High
LA-0280,Irrigation Canal Project Siliguri-280,West Bengal,Siliguri,Irrigation Canal,96.39,57,Partially Disbursed,57.6,SIA Completed,520,0,None,Not Started,74.9,5.3,0.69,High,2022-11-12,1460,2026-11-11,0.591,157,Medium
LA-0281,Airport Expansion Project Cuttack-281,Odisha,Cuttack,Airport Expansion,41.48,257,Partially Disbursed,19.3,Rehabilitation Ongoing,809,0,None,Fully Complete,72.8,6.4,0.52,Low,2022-10-19,1460,2026-10-18,0.283,280,Low
LA-0282,Industrial Corridor Project Kota-282,Rajasthan,Kota,Industrial Corridor,41.49,177,Not Disbursed,0.7,Possession Initiated,834,0,None,Fully Complete,47.3,8.7,0.37,Low,2024-07-20,1095,2027-07-20,0.061,196,Low
LA-0283,Industrial Corridor Project Kolkata-283,West Bengal,Kolkata,Industrial Corridor,42.42,118,Partially Disbursed,22.4,Possession Initiated,1593,0,None,Partially Complete,4.1,3.9,0.54,High,2022-02-14,1460,2026-02-13,0.802,425,High
LA-0284,Dam/Reservoir Project Bengaluru-284,Karnataka,Bengaluru,Dam/Reservoir,24.62,439,Not Disbursed,9.3,Rehabilitation Ongoing,309,1,Resolved in Favor,Fully Complete,16.6,4.4,0.34,Low,2022-08-20,365,2023-08-20,0.503,297,Medium
LA-0285,Airport Expansion Project Rourkela-285,Odisha,Rourkela,Airport Expansion,49.36,154,Not Disbursed,1.9,Award Declared,341,0,None,Not Started,51.9,2.8,0.83,Medium,2023-05-17,1095,2026-05-16,0.753,433,High
LA-0286,SEZ Development Project Aurangabad-286,Maharashtra,Aurangabad,SEZ Development,36.97,64,Partially Disbursed,51.9,Possession Initiated,42,0,None,Partially Complete,47.5,4.0,0.45,High,2023-05-07,1460,2027-05-06,0.764,391,High
LA-0287,Dam/Reservoir Project Lucknow-287,Uttar Pradesh,Lucknow,Dam/Reservoir,22.36,130,Partially Disbursed,27.7,Notification (Sec 11),216,1,Ongoing - Lower Court,Fully Complete,19.5,5.5,0.43,Medium,2022-12-29,545,2024-06-26,0.409,314,Medium
LA-0288,SEZ Development Project Kolkata-288,West Bengal,Kolkata,SEZ Development,38.09,82,Fully Disbursed,94.5,Rehabilitation Ongoing,1231,0,None,Partially Complete,10.7,4.3,0.73,High,2022-11-11,1095,2025-11-10,0.482,301,Medium
LA-0289,State Highway Project Pune-289,Maharashtra,Pune,State Highway,47.27,268,Not Disbursed,6.3,Possession Complete,206,1,Resolved Against,Partially Complete,48.6,9.2,0.59,Medium,2022-03-29,1095,2025-03-28,0.841,538,High
LA-0290,Airport Expansion Project Rajkot-290,Gujarat,Rajkot,Airport Expansion,23.94,42,Fully Disbursed,90.2,Possession Complete,383,0,None,Partially Complete,68.3,9.4,0.51,Low,2021-02-20,1095,2024-02-20,0.02,104,Low
LA-0291,Urban Metro Project Nashik-291,Maharashtra,Nashik,Urban Metro,87.57,185,Fully Disbursed,96.2,Notification (Sec 11),301,3,Ongoing - Lower Court,Fully Complete,18.4,7.8,0.33,Medium,2022-12-15,730,2024-12-14,0.359,270,Medium
LA-0292,Irrigation Canal Project Rajkot-292,Gujarat,Rajkot,Irrigation Canal,30.04,145,Partially Disbursed,83.8,Award Declared,329,0,None,Partially Complete,56.5,1.2,0.4,Medium,2023-07-16,730,2025-07-15,0.345,229,Low
LA-0293,National Highway Project Nashik-293,Maharashtra,Nashik,National Highway,41.98,140,Fully Disbursed,98.3,Notification (Sec 11),153,0,None,Not Started,33.2,7.3,0.66,Low,2021-08-12,545,2023-02-08,0.252,204,Low
LA-0294,Dam/Reservoir Project Jodhpur-294,Rajasthan,Jodhpur,Dam/Reservoir,36.85,140,Not Disbursed,3.0,Possession Complete,943,1,Resolved in Favor,Fully Complete,94.8,3.0,0.38,Low,2023-04-10,545,2024-10-06,0.477,267,Medium
LA-0295,Urban Metro Project Gwalior-295,Madhya Pradesh,Gwalior,Urban Metro,91.62,29,Not Disbursed,2.3,Possession Complete,126,0,None,Fully Complete,5.7,6.2,0.44,Medium,2023-05-30,1095,2026-05-29,0.646,400,Medium
LA-0296,Irrigation Canal Project Meerut-296,Uttar Pradesh,Meerut,Irrigation Canal,97.65,74,Not Disbursed,0.1,Rehabilitation Ongoing,381,0,None,Fully Complete,50.2,9.2,0.39,Low,2021-07-28,1460,2025-07-27,0.172,304,Low
LA-0297,Industrial Corridor Project Jabalpur-297,Madhya Pradesh,Jabalpur,Industrial Corridor,50.09,168,Not Disbursed,3.9,Notification (Sec 11),215,0,None,Not Started,87.8,2.8,0.44,High,2023-12-17,730,2025-12-16,0.749,479,High
LA-0298,SEZ Development Project Howrah-298,West Bengal,Howrah,SEZ Development,9.53,145,Partially Disbursed,24.5,Notification (Sec 11),822,0,None,Not Started,16.6,4.0,0.34,High,2024-06-18,545,2025-12-15,0.775,402,High
LA-0299,SEZ Development Project Muzaffarpur-299,Bihar,Muzaffarpur,SEZ Development,39.77,167,Not Disbursed,4.6,SIA Completed,175,0,None,Not Started,2.2,8.0,0.6,Low,2021-08-28,545,2023-02-24,0.49,245,Medium
LA-0300,Dam/Reservoir Project Surat-300,Gujarat,Surat,Dam/Reservoir,15.74,449,Partially Disbursed,67.1,Possession Complete,983,0,None,Not Started,88.7,9.0,0.09,Low,2022-01-16,1095,2025-01-15,0.061,82,Low
LA-0301,Railway Line Project Hubballi-301,Karnataka,Hubballi,Railway Line,2.3,201,Partially Disbursed,53.5,Possession Initiated,87,1,Ongoing - Supreme Court,Not Started,15.5,5.0,0.19,Low,2023-07-13,1460,2027-07-12,0.585,341,Medium
LA-0302,National Highway Project Lucknow-302,Uttar Pradesh,Lucknow,National Highway,34.01,233,Partially Disbursed,70.8,SIA Completed,58,0,None,Fully Complete,96.1,5.8,0.73,High,2023-11-02,1095,2026-11-01,0.107,247,Low
LA-0303,Airport Expansion Project Rourkela-303,Odisha,Rourkela,Airport Expansion,10.09,45,Partially Disbursed,47.4,Possession Initiated,317,1,Resolved in Favor,Not Started,51.5,9.9,0.21,Medium,2022-03-28,730,2024-03-27,0.513,265,Medium
LA-0304,Irrigation Canal Project Lucknow-304,Uttar Pradesh,Lucknow,Irrigation Canal,53.67,63,Partially Disbursed,69.6,SIA Completed,54,1,Resolved in Favor,Partially Complete,22.4,5.5,0.47,High,2023-10-12,1460,2027-10-11,0.887,435,High
LA-0305,SEZ Development Project Bengaluru-305,Karnataka,Bengaluru,SEZ Development,38.61,275,Not Disbursed,7.2,Possession Complete,484,0,None,Fully Complete,86.7,3.2,0.34,Low,2021-03-27,1095,2024-03-26,0.08,67,Low
LA-0306,Urban Metro Project Bengaluru-306,Karnataka,Bengaluru,Urban Metro,27.1,47,Not Disbursed,0.5,Rehabilitation Ongoing,794,0,None,Fully Complete,49.1,3.9,0.36,Low,2021-03-08,1095,2024-03-07,0.051,204,Low
LA-0307,State Highway Project Gaya-307,Bihar,Gaya,State Highway,49.59,165,Partially Disbursed,63.7,Notification (Sec 11),431,1,Ongoing - High Court,Not Started,59.6,7.7,0.53,Medium,2022-12-20,1460,2026-12-19,0.538,261,Medium
LA-0308,SEZ Development Project Bhubaneswar-308,Odisha,Bhubaneswar,SEZ Development,35.11,82,Not Disbursed,5.4,SIA Completed,149,0,None,Fully Complete,41.1,7.3,0.36,High,2024-03-13,730,2026-03-13,0.105,249,Low
LA-0309,SEZ Development Project Mysuru-309,Karnataka,Mysuru,SEZ Development,38.38,78,Partially Disbursed,30.0,Award Declared,700,2,Ongoing - Supreme Court,Not Started,68.7,3.8,0.47,Low,2023-11-20,365,2024-11-19,0.849,463,High
LA-0310,National Highway Project Gwalior-310,Madhya Pradesh,Gwalior,National Highway,37.43,273,Fully Disbursed,94.5,Rehabilitation Ongoing,713,2,Ongoing - High Court,Partially Complete,66.2,6.5,0.51,Low,2021-10-27,730,2023-10-27,0.797,366,High
LA-0311,Airport Expansion Project Kota-311,Rajasthan,Kota,Airport Expansion,10.45,256,Not Disbursed,6.3,Rehabilitation Ongoing,481,1,Ongoing - Supreme Court,Partially Complete,18.2,5.5,0.28,Low,2021-06-04,365,2022-06-04,0.723,291,High
LA-0312,Power Transmission Line Project Rourkela-312,Odisha,Rourkela,Power Transmission Line,37.41,179,Partially Disbursed,70.6,Award Declared,693,2,Resolved in Favor,Fully Complete,64.6,5.1,0.37,Low,2021-01-06,365,2022-01-06,0.172,203,Low
LA-0313,Industrial Corridor Project Madurai-313,Tamil Nadu,Madurai,Industrial Corridor,45.72,178,Fully Disbursed,91.6,Possession Complete,63,0,None,Partially Complete,87.7,5.8,0.3,High,2022-03-10,1095,2025-03-09,0.138,262,Low
LA-0314,Power Transmission Line Project Gaya-314,Bihar,Gaya,Power Transmission Line,49.52,75,Partially Disbursed,29.3,Possession Complete,483,0,None,Not Started,94.3,6.5,0.53,High,2022-12-05,365,2023-12-05,0.576,381,Medium
LA-0315,Airport Expansion Project Ghaziabad-315,Uttar Pradesh,Ghaziabad,Airport Expansion,28.32,303,Not Disbursed,2.8,SIA Completed,871,2,Resolved in Favor,Partially Complete,82.2,6.8,0.59,High,2023-05-27,545,2024-11-22,0.741,412,High
LA-0316,Railway Line Project Jabalpur-316,Madhya Pradesh,Jabalpur,Railway Line,37.01,241,Fully Disbursed,94.6,Award Declared,383,2,Ongoing - Lower Court,Partially Complete,52.5,1.6,0.35,Low,2023-02-01,545,2024-07-30,0.65,355,High
LA-0317,Power Transmission Line Project Varanasi-317,Uttar Pradesh,Varanasi,Power Transmission Line,6.76,101,Fully Disbursed,93.2,SIA Completed,540,3,Resolved in Favor,Partially Complete,45.9,1.7,0.32,Medium,2021-01-03,545,2022-07-02,0.898,456,High
LA-0318,Railway Line Project Chennai-318,Tamil Nadu,Chennai,Railway Line,29.63,30,Partially Disbursed,51.3,Possession Complete,621,1,Resolved in Favor,Not Started,34.2,5.9,0.55,Medium,2021-09-04,1095,2024-09-03,0.64,334,Medium
LA-0319,State Highway Project Gwalior-319,Madhya Pradesh,Gwalior,State Highway,16.21,171,Not Disbursed,0.6,Notification (Sec 11),974,0,None,Partially Complete,59.6,3.5,0.49,Low,2022-10-04,730,2024-10-03,0.55,449,Medium
LA-0320,Urban Metro Project Patna-320,Bihar,Patna,Urban Metro,64.41,293,Fully Disbursed,96.8,SIA Completed,145,2,Ongoing - High Court,Not Started,78.1,7.3,0.52,Medium,2024-06-03,545,2025-11-30,0.853,430,High
LA-0321,Irrigation Canal Project Coimbatore-321,Tamil Nadu,Coimbatore,Irrigation Canal,66.3,36,Partially Disbursed,53.5,SIA Completed,199,2,Resolved in Favor,Partially Complete,14.4,7.8,0.53,Medium,2022-03-21,365,2023-03-21,0.714,374,High
LA-0322,State Highway Project Nagpur-322,Maharashtra,Nagpur,State Highway,50.49,56,Partially Disbursed,54.5,Possession Initiated,273,1,Ongoing - Supreme Court,Fully Complete,29.5,4.2,0.17,Low,2021-10-14,545,2023-04-12,0.24,266,Low
LA-0323,State Highway Project Muzaffarpur-323,Bihar,Muzaffarpur,State Highway,34.98,176,Not Disbursed,6.6,Possession Complete,400,1,Resolved Against,Partially Complete,18.8,3.7,0.52,Low,2021-02-24,730,2023-02-24,0.768,346,High
LA-0324,Urban Metro Project Jodhpur-324,Rajasthan,Jodhpur,Urban Metro,30.62,172,Not Disbursed,2.0,Notification (Sec 11),1019,2,Ongoing - High Court,Partially Complete,26.6,1.4,0.26,Low,2023-10-21,1460,2027-10-20,0.98,496,High
LA-0325,National Highway Project Thane-325,Maharashtra,Thane,National Highway,77.86,161,Fully Disbursed,99.8,Award Declared,705,2,Ongoing - High Court,Partially Complete,63.1,4.9,0.35,High,2023-05-12,730,2025-05-11,0.532,291,Medium
LA-0326,Railway Line Project Hubballi-326,Karnataka,Hubballi,Railway Line,49.77,203,Fully Disbursed,96.3,Notification (Sec 11),177,0,None,Not Started,37.5,6.6,0.58,Low,2022-06-21,545,2023-12-18,0.145,209,Low
LA-0327,Urban Metro Project Ghaziabad-327,Uttar Pradesh,Ghaziabad,Urban Metro,59.69,43,Partially Disbursed,11.3,Rehabilitation Ongoing,258,0,None,Partially Complete,66.3,9.7,0.45,High,2023-05-18,1095,2026-05-17,0.407,284,Medium
LA-0328,Dam/Reservoir Project Thane-328,Maharashtra,Thane,Dam/Reservoir,48.35,80,Partially Disbursed,38.4,Award Declared,327,2,Ongoing - Lower Court,Not Started,16.7,9.9,0.37,Medium,2022-02-21,545,2023-08-20,0.806,439,High
LA-0329,Urban Metro Project Mysuru-329,Karnataka,Mysuru,Urban Metro,20.41,304,Partially Disbursed,64.9,Rehabilitation Ongoing,412,1,Ongoing - Lower Court,Not Started,36.2,5.8,0.45,Medium,2022-05-04,365,2023-05-04,0.617,354,Medium
LA-0330,Urban Metro Project Jaipur-330,Rajasthan,Jaipur,Urban Metro,80.7,253,Not Disbursed,6.0,Possession Complete,494,0,None,Partially Complete,1.7,8.9,0.34,Low,2021-12-26,365,2022-12-26,0.127,156,Low
LA-0331,Railway Line Project Meerut-331,Uttar Pradesh,Meerut,Railway Line,75.24,344,Fully Disbursed,95.9,SIA Completed,272,1,Resolved in Favor,Fully Complete,42.3,7.5,0.7,Medium,2022-06-15,545,2023-12-12,0.104,244,Low
LA-0332,Power Transmission Line Project Surat-332,Gujarat,Surat,Power Transmission Line,27.55,75,Fully Disbursed,92.6,Notification (Sec 11),222,1,Ongoing - Lower Court,Not Started,48.8,2.8,0.23,Medium,2023-12-09,365,2024-12-08,0.691,386,High
LA-0333,SEZ Development Project Muzaffarpur-333,Bihar,Muzaffarpur,SEZ Development,44.53,236,Partially Disbursed,63.9,Possession Initiated,459,0,None,Partially Complete,46.4,3.2,0.41,Low,2023-10-21,1460,2027-10-20,0.211,254,Low
LA-0334,Railway Line Project Jabalpur-334,Madhya Pradesh,Jabalpur,Railway Line,57.3,50,Not Disbursed,1.0,Notification (Sec 11),458,0,None,Fully Complete,16.5,4.7,0.48,Medium,2021-08-25,545,2023-02-21,0.479,346,Medium
LA-0335,National Highway Project Bengaluru-335,Karnataka,Bengaluru,National Highway,4.02,212,Fully Disbursed,96.5,Notification (Sec 11),80,2,Ongoing - High Court,Not Started,61.4,9.0,0.42,Low,2021-11-04,545,2023-05-03,0.487,387,Medium
LA-0336,Urban Metro Project Kanpur-336,Uttar Pradesh,Kanpur,Urban Metro,25.2,75,Not Disbursed,4.1,SIA Completed,219,1,Resolved in Favor,Fully Complete,33.9,1.1,0.59,Low,2021-06-09,1460,2025-06-08,0.651,354,High
LA-0337,Dam/Reservoir Project Ahmedabad-337,Gujarat,Ahmedabad,Dam/Reservoir,35.34,89,Partially Disbursed,37.7,Notification (Sec 11),457,0,None,Not Started,94.7,4.7,0.44,High,2021-04-05,1095,2024-04-04,0.73,419,High
LA-0338,Power Transmission Line Project Aurangabad-338,Maharashtra,Aurangabad,Power Transmission Line,54.97,180,Fully Disbursed,91.5,Award Declared,542,1,Ongoing - Supreme Court,Not Started,1.7,9.6,0.46,Medium,2023-01-26,545,2024-07-24,0.527,355,Medium
LA-0339,Power Transmission Line Project Muzaffarpur-339,Bihar,Muzaffarpur,Power Transmission Line,54.06,136,Fully Disbursed,96.8,SIA Completed,326,1,Resolved in Favor,Partially Complete,14.9,6.8,0.47,High,2022-02-05,1460,2026-02-04,0.337,217,Low
LA-0340,National Highway Project Jodhpur-340,Rajasthan,Jodhpur,National Highway,49.42,67,Fully Disbursed,98.2,Notification (Sec 11),427,1,Ongoing - High Court,Partially Complete,75.3,2.2,0.75,Medium,2021-01-20,730,2023-01-20,0.962,439,High
LA-0341,Urban Metro Project Meerut-341,Uttar Pradesh,Meerut,Urban Metro,22.98,110,Fully Disbursed,91.0,Rehabilitation Ongoing,298,0,None,Not Started,78.9,3.1,0.26,Low,2022-05-03,1095,2025-05-02,0.24,272,Low
LA-0342,Railway Line Project Chennai-342,Tamil Nadu,Chennai,Railway Line,50.17,162,Fully Disbursed,97.0,Notification (Sec 11),841,0,None,Not Started,50.6,8.3,0.45,Low,2023-12-01,1095,2026-11-30,0.166,204,Low
LA-0343,State Highway Project Rajkot-343,Gujarat,Rajkot,State Highway,57.67,130,Partially Disbursed,73.5,Possession Complete,937,0,None,Not Started,49.2,6.2,0.56,High,2021-06-03,1460,2025-06-02,0.421,164,Medium
LA-0344,Urban Metro Project Kolkata-344,West Bengal,Kolkata,Urban Metro,35.97,61,Partially Disbursed,12.6,SIA Completed,270,1,Ongoing - High Court,Not Started,44.7,9.7,0.24,High,2023-03-16,730,2025-03-15,0.73,365,High
LA-0345,Power Transmission Line Project Rajkot-345,Gujarat,Rajkot,Power Transmission Line,12.26,214,Not Disbursed,4.2,SIA Completed,182,0,None,Not Started,74.2,1.5,0.4,High,2021-08-12,545,2023-02-08,0.878,406,High
LA-0346,Airport Expansion Project Nagpur-346,Maharashtra,Nagpur,Airport Expansion,65.22,209,Partially Disbursed,47.0,Possession Initiated,332,2,Ongoing - Lower Court,Partially Complete,92.3,5.9,0.59,High,2022-03-02,1095,2025-03-01,0.748,442,High
LA-0347,Power Transmission Line Project Gaya-347,Bihar,Gaya,Power Transmission Line,17.41,138,Fully Disbursed,93.8,Notification (Sec 11),1106,1,Ongoing - High Court,Fully Complete,1.8,1.9,0.55,Low,2024-05-20,365,2025-05-20,0.463,386,Medium
LA-0348,Railway Line Project Udaipur-348,Rajasthan,Udaipur,Railway Line,54.47,65,Not Disbursed,7.8,SIA Completed,330,2,Ongoing - Supreme Court,Partially Complete,54.0,1.5,0.35,Low,2022-09-05,730,2024-09-04,0.964,478,High
LA-0349,Urban Metro Project Bhopal-349,Madhya Pradesh,Bhopal,Urban Metro,46.95,74,Fully Disbursed,99.9,Possession Complete,115,0,None,Partially Complete,5.3,6.6,0.91,Low,2023-08-05,365,2024-08-04,0.339,203,Low
LA-0350,National Highway Project Bhopal-350,Madhya Pradesh,Bhopal,National Highway,45.98,244,Not Disbursed,1.2,SIA Completed,75,1,Ongoing - High Court,Not Started,13.6,2.3,0.6,Medium,2024-07-14,365,2025-07-14,0.98,524,High
LA-0351,Power Transmission Line Project Siliguri-351,West Bengal,Siliguri,Power Transmission Line,52.81,94,Fully Disbursed,99.2,Notification (Sec 11),599,0,None,Not Started,94.8,3.3,0.3,Low,2023-06-28,545,2024-12-24,0.035,133,Low
LA-0352,State Highway Project Nashik-352,Maharashtra,Nashik,State Highway,25.96,23,Not Disbursed,8.0,Possession Initiated,149,0,None,Not Started,79.8,7.4,0.38,High,2023-06-07,1095,2026-06-06,0.483,307,Medium
LA-0353,Urban Metro Project Chennai-353,Tamil Nadu,Chennai,Urban Metro,23.03,323,Partially Disbursed,23.1,SIA Completed,58,1,Ongoing - Supreme Court,Not Started,86.7,9.0,0.7,Low,2022-07-28,1095,2025-07-27,0.7,432,High
LA-0354,SEZ Development Project Bhopal-354,Madhya Pradesh,Bhopal,SEZ Development,85.6,212,Partially Disbursed,23.0,SIA Completed,771,0,None,Partially Complete,55.0,6.6,0.6,Medium,2024-02-02,1095,2027-02-01,0.47,280,Medium
LA-0355,Power Transmission Line Project Ghaziabad-355,Uttar Pradesh,Ghaziabad,Power Transmission Line,33.63,133,Partially Disbursed,32.7,Possession Initiated,953,1,Ongoing - High Court,Partially Complete,54.9,6.3,0.26,High,2022-05-26,1460,2026-05-25,0.824,475,High
LA-0356,Industrial Corridor Project Varanasi-356,Uttar Pradesh,Varanasi,Industrial Corridor,30.91,159,Partially Disbursed,25.6,Possession Initiated,966,0,None,Not Started,96.7,5.1,0.4,Medium,2022-10-21,1095,2025-10-20,0.268,252,Low
LA-0357,National Highway Project Patna-357,Bihar,Patna,National Highway,48.06,102,Partially Disbursed,33.4,SIA Completed,746,1,Ongoing - Lower Court,Fully Complete,38.2,5.0,0.23,High,2021-04-30,1095,2024-04-29,0.351,377,Medium
LA-0358,SEZ Development Project Mysuru-358,Karnataka,Mysuru,SEZ Development,42.9,475,Fully Disbursed,97.2,SIA Completed,517,1,Ongoing - Lower Court,Not Started,61.8,5.6,0.14,Low,2023-12-29,365,2024-12-28,0.373,266,Medium
LA-0359,Industrial Corridor Project Kota-359,Rajasthan,Kota,Industrial Corridor,55.55,168,Fully Disbursed,91.7,SIA Completed,1297,1,Ongoing - High Court,Not Started,24.7,6.8,0.61,Low,2023-01-05,1460,2027-01-04,0.647,310,Medium
LA-0360,Industrial Corridor Project Meerut-360,Uttar Pradesh,Meerut,Industrial Corridor,36.63,139,Fully Disbursed,90.4,Possession Complete,515,3,Ongoing - High Court,Partially Complete,94.5,7.1,0.44,Low,2023-10-06,1460,2027-10-05,0.556,314,Medium
LA-0361,Airport Expansion Project Patna-361,Bihar,Patna,Airport Expansion,12.22,19,Not Disbursed,5.0,Notification (Sec 11),854,2,Ongoing - High Court,Partially Complete,3.9,7.7,0.48,Low,2023-09-06,365,2024-09-05,0.932,430,High
LA-0362,Railway Line Project Surat-362,Gujarat,Surat,Railway Line,40.74,510,Partially Disbursed,31.0,SIA Completed,232,0,None,Fully Complete,75.0,7.2,0.14,High,2022-10-25,365,2023-10-25,0.118,275,Low
LA-0363,SEZ Development Project Noida-363,Uttar Pradesh,Noida,SEZ Development,35.6,111,Fully Disbursed,93.3,SIA Completed,515,2,Ongoing - Lower Court,Fully Complete,35.2,8.7,0.26,High,2021-05-29,730,2023-05-29,0.337,166,Low
LA-0364,State Highway Project Rourkela-364,Odisha,Rourkela,State Highway,16.53,136,Partially Disbursed,14.4,Award Declared,1180,0,None,Not Started,94.8,7.9,0.54,Low,2023-06-14,1095,2026-06-13,0.138,213,Low
LA-0365,Dam/Reservoir Project Surat-365,Gujarat,Surat,Dam/Reservoir,42.52,364,Partially Disbursed,18.6,Possession Complete,444,0,None,Fully Complete,2.1,7.5,0.46,Low,2024-04-21,545,2025-10-18,0.02,228,Low
LA-0366,Power Transmission Line Project Cuttack-366,Odisha,Cuttack,Power Transmission Line,41.02,142,Not Disbursed,10.0,Rehabilitation Ongoing,226,0,None,Not Started,61.5,4.7,0.43,Medium,2024-03-19,1095,2027-03-19,0.556,378,Medium
LA-0367,Railway Line Project Kolkata-367,West Bengal,Kolkata,Railway Line,18.33,235,Partially Disbursed,15.3,Possession Complete,251,2,Ongoing - High Court,Partially Complete,96.9,7.4,0.45,Low,2023-10-14,545,2025-04-11,0.899,407,High
LA-0368,Irrigation Canal Project Ahmedabad-368,Gujarat,Ahmedabad,Irrigation Canal,19.78,89,Partially Disbursed,24.6,Award Declared,131,1,Ongoing - High Court,Partially Complete,41.1,3.0,0.17,High,2022-11-19,1095,2025-11-18,0.86,415,High
LA-0369,Irrigation Canal Project Lucknow-369,Uttar Pradesh,Lucknow,Irrigation Canal,59.37,74,Not Disbursed,4.7,Notification (Sec 11),636,2,Ongoing - Supreme Court,Not Started,78.3,8.6,0.55,Low,2021-01-03,365,2022-01-03,0.894,538,High
LA-0370,Urban Metro Project Cuttack-370,Odisha,Cuttack,Urban Metro,56.04,91,Fully Disbursed,92.1,Possession Initiated,257,1,Resolved in Favor,Fully Complete,83.5,4.3,0.53,Low,2023-02-08,365,2024-02-08,0.096,265,Low
LA-0371,Irrigation Canal Project Madurai-371,Tamil Nadu,Madurai,Irrigation Canal,62.91,44,Not Disbursed,6.1,Notification (Sec 11),194,1,Ongoing - Lower Court,Not Started,44.2,4.0,0.45,Low,2021-08-03,365,2022-08-03,0.98,539,High
LA-0372,Urban Metro Project Surat-372,Gujarat,Surat,Urban Metro,22.06,337,Not Disbursed,9.6,Notification (Sec 11),524,0,None,Partially Complete,69.7,6.0,0.26,High,2021-07-10,730,2023-07-10,0.235,140,Low
LA-0373,Airport Expansion Project Siliguri-373,West Bengal,Siliguri,Airport Expansion,37.02,134,Fully Disbursed,99.2,Possession Initiated,210,3,Ongoing - High Court,Partially Complete,66.9,4.7,0.24,Medium,2021-04-20,365,2022-04-20,0.717,370,High
LA-0374,Irrigation Canal Project Surat-374,Gujarat,Surat,Irrigation Canal,55.22,81,Partially Disbursed,74.1,Possession Complete,254,2,Resolved Against,Not Started,59.6,4.3,0.4,Low,2022-05-02,365,2023-05-02,0.743,476,High
LA-0375,SEZ Development Project Varanasi-375,Uttar Pradesh,Varanasi,SEZ Development,60.5,139,Partially Disbursed,28.6,Possession Initiated,517,0,None,Not Started,50.2,7.5,0.37,Low,2023-05-26,365,2024-05-25,0.296,182,Low
LA-0376,SEZ Development Project Muzaffarpur-376,Bihar,Muzaffarpur,SEZ Development,163.61,50,Partially Disbursed,62.0,Notification (Sec 11),221,1,Ongoing - Lower Court,Not Started,63.9,4.0,0.7,Medium,2021-06-17,1095,2024-06-16,0.906,463,High
LA-0377,Urban Metro Project Nashik-377,Maharashtra,Nashik,Urban Metro,37.55,63,Partially Disbursed,77.1,Rehabilitation Ongoing,768,2,Ongoing - Supreme Court,Not Started,86.5,3.9,0.42,Medium,2022-01-14,730,2024-01-14,0.845,387,High
LA-0378,Railway Line Project Cuttack-378,Odisha,Cuttack,Railway Line,13.04,87,Partially Disbursed,52.9,Award Declared,965,1,Resolved in Favor,Partially Complete,74.4,2.4,0.33,Low,2022-07-05,1460,2026-07-04,0.248,201,Low
LA-0379,State Highway Project Noida-379,Uttar Pradesh,Noida,State Highway,26.93,224,Not Disbursed,8.6,Award Declared,987,0,None,Fully Complete,86.4,3.8,0.84,Medium,2024-04-22,545,2025-10-19,0.271,184,Low
LA-0380,Urban Metro Project Bengaluru-380,Karnataka,Bengaluru,Urban Metro,23.85,141,Fully Disbursed,95.6,Possession Initiated,742,1,Resolved Against,Partially Complete,57.1,7.7,0.63,High,2024-03-18,545,2025-09-14,0.352,228,Medium
LA-0381,State Highway Project Coimbatore-381,Tamil Nadu,Coimbatore,State Highway,81.94,116,Partially Disbursed,77.7,Rehabilitation Ongoing,715,1,Ongoing - Lower Court,Partially Complete,8.9,4.9,0.3,High,2024-03-16,1460,2028-03-15,0.481,270,Medium
LA-0382,Airport Expansion Project Bhopal-382,Madhya Pradesh,Bhopal,Airport Expansion,33.69,305,Not Disbursed,3.4,SIA Completed,361,1,Ongoing - High Court,Fully Complete,16.1,6.1,0.66,Low,2023-05-18,365,2024-05-17,0.762,424,High
LA-0383,Railway Line Project Bhubaneswar-383,Odisha,Bhubaneswar,Railway Line,45.06,132,Fully Disbursed,92.9,Award Declared,62,0,None,Not Started,45.0,8.5,0.53,Medium,2021-05-18,365,2022-05-18,0.156,130,Low
LA-0384,Urban Metro Project Rourkela-384,Odisha,Rourkela,Urban Metro,33.16,104,Partially Disbursed,83.1,Award Declared,314,2,Resolved Against,Partially Complete,43.0,3.6,0.57,High,2024-06-30,1460,2028-06-29,0.944,541,High
LA-0385,State Highway Project Mysuru-385,Karnataka,Mysuru,State Highway,33.64,10,Partially Disbursed,75.6,SIA Completed,562,1,Resolved Against,Partially Complete,39.8,3.9,0.5,High,2021-07-25,365,2022-07-25,0.594,314,Medium
LA-0386,Power Transmission Line Project Kolkata-386,West Bengal,Kolkata,Power Transmission Line,38.88,145,Fully Disbursed,92.2,Award Declared,122,0,None,Fully Complete,33.4,3.8,0.29,Low,2023-09-22,1460,2027-09-21,0.041,170,Low
LA-0387,National Highway Project Howrah-387,West Bengal,Howrah,National Highway,60.99,184,Not Disbursed,2.2,Possession Initiated,422,1,Ongoing - High Court,Partially Complete,93.2,1.8,0.58,Medium,2023-04-03,365,2024-04-02,0.98,535,High
LA-0388,Irrigation Canal Project Cuttack-388,Odisha,Cuttack,Irrigation Canal,13.21,99,Not Disbursed,6.0,Possession Initiated,122,2,Ongoing - Supreme Court,Fully Complete,32.7,6.7,0.52,Low,2022-09-13,730,2024-09-12,0.791,367,High
LA-0389,State Highway Project Gaya-389,Bihar,Gaya,State Highway,45.02,17,Fully Disbursed,99.6,SIA Completed,525,0,None,Not Started,62.0,4.1,0.42,High,2023-06-27,730,2025-06-26,0.569,297,Medium
LA-0390,Urban Metro Project Muzaffarpur-390,Bihar,Muzaffarpur,Urban Metro,28.5,246,Partially Disbursed,44.9,Notification (Sec 11),214,0,None,Not Started,35.8,2.3,0.05,Low,2023-04-14,1095,2026-04-13,0.301,277,Low
LA-0391,National Highway Project Mysuru-391,Karnataka,Mysuru,National Highway,23.93,21,Partially Disbursed,58.3,SIA Completed,566,0,None,Not Started,97.8,2.8,0.5,Medium,2023-04-07,545,2024-10-03,0.315,219,Low
LA-0392,National Highway Project Hubballi-392,Karnataka,Hubballi,National Highway,30.67,47,Not Disbursed,4.1,SIA Completed,528,0,None,Fully Complete,40.3,6.8,0.24,Low,2023-07-24,365,2024-07-23,0.174,313,Low
LA-0393,Power Transmission Line Project Surat-393,Gujarat,Surat,Power Transmission Line,26.49,106,Partially Disbursed,45.6,Possession Initiated,412,3,Resolved Against,Partially Complete,56.6,7.9,0.69,High,2021-03-04,545,2022-08-31,0.949,459,High
LA-0394,SEZ Development Project Rajkot-394,Gujarat,Rajkot,SEZ Development,35.98,383,Partially Disbursed,37.0,Possession Initiated,927,1,Resolved Against,Partially Complete,95.4,6.8,0.61,Low,2022-06-14,365,2023-06-14,0.306,266,Low
LA-0395,Urban Metro Project Patna-395,Bihar,Patna,Urban Metro,30.75,269,Not Disbursed,2.0,Possession Complete,940,3,Ongoing - High Court,Fully Complete,19.4,5.8,0.11,Medium,2022-02-28,730,2024-02-28,0.917,487,High
LA-0396,National Highway Project Rourkela-396,Odisha,Rourkela,National Highway,19.38,5,Fully Disbursed,92.4,Rehabilitation Ongoing,1308,0,None,Not Started,62.2,1.3,0.58,High,2021-12-21,1460,2025-12-20,0.697,339,High
LA-0397,Power Transmission Line Project Noida-397,Uttar Pradesh,Noida,Power Transmission Line,25.45,303,Partially Disbursed,28.1,Award Declared,710,0,None,Partially Complete,50.4,8.8,0.36,Medium,2022-07-18,1095,2025-07-17,0.125,214,Low
LA-0398,Airport Expansion Project Cuttack-398,Odisha,Cuttack,Airport Expansion,80.73,69,Not Disbursed,9.6,Possession Initiated,256,0,None,Not Started,15.2,7.0,0.45,Medium,2024-07-01,1095,2027-07-01,0.565,259,Medium
LA-0399,National Highway Project Kolkata-399,West Bengal,Kolkata,National Highway,15.39,497,Partially Disbursed,50.3,Rehabilitation Ongoing,277,0,None,Fully Complete,93.3,4.4,0.65,High,2024-02-24,1460,2028-02-23,0.282,186,Low
LA-0400,Power Transmission Line Project Howrah-400,West Bengal,Howrah,Power Transmission Line,41.88,273,Partially Disbursed,19.0,Possession Initiated,558,2,Ongoing - Lower Court,Not Started,77.9,2.2,0.41,Low,2022-10-28,730,2024-10-27,0.899,440,High
LA-0401,Power Transmission Line Project Muzaffarpur-401,Bihar,Muzaffarpur,Power Transmission Line,16.98,132,Not Disbursed,4.3,Possession Complete,115,1,Ongoing - High Court,Fully Complete,73.8,4.0,0.45,High,2024-05-13,1095,2027-05-13,0.772,497,High
LA-0402,National Highway Project Surat-402,Gujarat,Surat,National Highway,121.12,110,Partially Disbursed,33.2,Award Declared,217,2,Ongoing - Supreme Court,Fully Complete,23.7,9.0,0.51,Medium,2021-03-14,1460,2025-03-13,0.765,428,High
LA-0403,Industrial Corridor Project Kolkata-403,West Bengal,Kolkata,Industrial Corridor,35.56,122,Fully Disbursed,97.2,SIA Completed,364,2,Resolved Against,Partially Complete,6.6,7.2,0.57,Medium,2023-01-05,1460,2027-01-04,0.726,411,High
LA-0404,Dam/Reservoir Project Patna-404,Bihar,Patna,Dam/Reservoir,42.36,51,Not Disbursed,4.8,Notification (Sec 11),555,1,Resolved in Favor,Not Started,16.2,5.4,0.43,Low,2024-02-19,545,2025-08-17,0.803,404,High
LA-0405,Irrigation Canal Project Ahmedabad-405,Gujarat,Ahmedabad,Irrigation Canal,88.66,284,Partially Disbursed,68.1,Rehabilitation Ongoing,467,0,None,Fully Complete,44.3,6.6,0.49,Medium,2022-11-10,730,2024-11-09,0.084,195,Low
LA-0406,Power Transmission Line Project Muzaffarpur-406,Bihar,Muzaffarpur,Power Transmission Line,62.52,83,Partially Disbursed,53.6,Notification (Sec 11),1290,1,Resolved in Favor,Not Started,86.0,5.1,0.27,Medium,2024-04-03,1460,2028-04-02,0.341,216,Low
LA-0407,Irrigation Canal Project Aurangabad-407,Maharashtra,Aurangabad,Irrigation Canal,70.2,128,Partially Disbursed,45.7,Rehabilitation Ongoing,227,0,None,Partially Complete,41.0,8.0,0.55,Low,2021-04-21,545,2022-10-18,0.111,226,Low
LA-0408,Industrial Corridor Project Indore-408,Madhya Pradesh,Indore,Industrial Corridor,44.14,226,Partially Disbursed,52.0,Possession Complete,119,1,Resolved in Favor,Not Started,76.6,9.4,0.45,High,2022-01-05,365,2023-01-05,0.438,336,Medium
LA-0409,Railway Line Project Coimbatore-409,Tamil Nadu,Coimbatore,Railway Line,41.4,47,Partially Disbursed,29.0,Notification (Sec 11),967,0,None,Not Started,26.7,5.6,0.38,Low,2021-12-12,1460,2025-12-11,0.381,230,Medium
LA-0410,State Highway Project Gwalior-410,Madhya Pradesh,Gwalior,State Highway,98.25,195,Not Disbursed,9.5,Possession Initiated,654,1,Resolved in Favor,Partially Complete,94.7,4.8,0.4,High,2023-02-25,365,2024-02-25,0.582,343,Medium
LA-0411,Irrigation Canal Project Kanpur-411,Uttar Pradesh,Kanpur,Irrigation Canal,41.45,80,Fully Disbursed,96.6,Notification (Sec 11),981,0,None,Fully Complete,53.2,3.6,0.41,High,2023-12-24,545,2025-06-21,0.161,209,Low
LA-0412,National Highway Project Meerut-412,Uttar Pradesh,Meerut,National Highway,36.82,148,Partially Disbursed,29.9,SIA Completed,623,0,None,Not Started,72.0,5.0,0.16,High,2022-10-02,545,2024-03-30,0.314,251,Low
LA-0413,Dam/Reservoir Project Aurangabad-413,Maharashtra,Aurangabad,Dam/Reservoir,30.0,43,Partially Disbursed,82.3,SIA Completed,398,0,None,Not Started,9.5,7.8,0.39,Low,2022-08-19,1095,2025-08-18,0.198,371,Low
LA-0414,Dam/Reservoir Project Hubballi-414,Karnataka,Hubballi,Dam/Reservoir,16.59,194,Partially Disbursed,81.1,Rehabilitation Ongoing,304,1,Ongoing - High Court,Not Started,97.8,2.4,0.48,High,2023-01-06,545,2024-07-04,0.682,333,High
LA-0415,National Highway Project Gwalior-415,Madhya Pradesh,Gwalior,National Highway,21.71,171,Not Disbursed,8.9,Rehabilitation Ongoing,270,0,None,Fully Complete,96.7,5.7,0.58,Low,2021-02-14,1460,2025-02-13,0.096,98,Low
LA-0416,State Highway Project Bengaluru-416,Karnataka,Bengaluru,State Highway,42.68,103,Partially Disbursed,49.9,Rehabilitation Ongoing,302,0,None,Fully Complete,73.8,2.7,0.48,Low,2022-06-08,1460,2026-06-07,0.139,180,Low
LA-0417,SEZ Development Project Kolkata-417,West Bengal,Kolkata,SEZ Development,6.8,163,Fully Disbursed,95.3,Rehabilitation Ongoing,373,1,Ongoing - Lower Court,Partially Complete,26.8,5.1,0.54,Low,2021-08-26,1095,2024-08-25,0.55,332,Medium
LA-0418,State Highway Project Coimbatore-418,Tamil Nadu,Coimbatore,State Highway,35.94,184,Partially Disbursed,22.6,Possession Initiated,519,1,Ongoing - High Court,Not Started,85.0,5.3,0.41,Medium,2021-01-20,730,2023-01-20,0.743,267,High
LA-0419,State Highway Project Rourkela-419,Odisha,Rourkela,State Highway,15.98,170,Partially Disbursed,17.5,Award Declared,21,0,None,Partially Complete,43.1,2.6,0.55,Medium,2023-05-08,365,2024-05-07,0.515,356,Medium
LA-0420,SEZ Development Project Hubballi-420,Karnataka,Hubballi,SEZ Development,18.44,299,Not Disbursed,2.9,Notification (Sec 11),67,0,None,Fully Complete,89.5,7.2,0.49,Medium,2024-06-01,545,2025-11-28,0.243,365,Low
LA-0421,Irrigation Canal Project Muzaffarpur-421,Bihar,Muzaffarpur,Irrigation Canal,10.95,43,Partially Disbursed,23.2,Possession Initiated,96,1,Ongoing - Supreme Court,Not Started,54.3,3.7,0.13,Medium,2022-03-02,1095,2025-03-01,0.768,438,High
LA-0422,National Highway Project Surat-422,Gujarat,Surat,National Highway,21.65,370,Not Disbursed,3.7,Notification (Sec 11),960,1,Ongoing - Lower Court,Fully Complete,21.0,1.2,0.63,Medium,2021-11-02,365,2022-11-02,0.862,445,High
LA-0423,State Highway Project Bengaluru-423,Karnataka,Bengaluru,State Highway,24.3,58,Fully Disbursed,96.4,Rehabilitation Ongoing,976,0,None,Not Started,65.1,2.0,0.3,High,2022-08-30,730,2024-08-29,0.109,298,Low
LA-0424,State Highway Project Chennai-424,Tamil Nadu,Chennai,State Highway,58.83,31,Fully Disbursed,93.7,Notification (Sec 11),1222,0,None,Fully Complete,37.3,4.5,0.52,Low,2022-10-03,1095,2025-10-02,0.118,105,Low
LA-0425,National Highway Project Pune-425,Maharashtra,Pune,National Highway,72.77,5,Not Disbursed,6.7,SIA Completed,526,0,None,Partially Complete,13.8,5.0,0.07,Low,2023-01-03,1095,2026-01-02,0.215,190,Low
LA-0426,State Highway Project Howrah-426,West Bengal,Howrah,State Highway,101.03,309,Partially Disbursed,35.3,Award Declared,561,0,None,Not Started,7.3,8.7,0.55,Medium,2023-07-24,730,2025-07-23,0.309,337,Low
LA-0427,Airport Expansion Project Rourkela-427,Odisha,Rourkela,Airport Expansion,44.08,150,Fully Disbursed,96.1,Rehabilitation Ongoing,159,2,Ongoing - High Court,Not Started,11.3,6.5,0.37,Medium,2021-05-01,545,2022-10-28,0.946,478,High
LA-0428,SEZ Development Project Aurangabad-428,Maharashtra,Aurangabad,SEZ Development,25.58,144,Partially Disbursed,36.6,Possession Complete,27,1,Resolved in Favor,Not Started,25.9,1.8,0.41,Low,2023-01-05,1460,2027-01-04,0.568,421,Medium
LA-0429,Railway Line Project Meerut-429,Uttar Pradesh,Meerut,Railway Line,40.02,80,Partially Disbursed,24.4,Possession Initiated,917,1,Ongoing - Lower Court,Fully Complete,4.7,8.0,0.56,Medium,2021-05-10,730,2023-05-10,0.533,329,Medium
LA-0430,Dam/Reservoir Project Ahmedabad-430,Gujarat,Ahmedabad,Dam/Reservoir,42.95,92,Fully Disbursed,95.1,Possession Complete,1493,2,Resolved Against,Not Started,11.3,7.5,0.6,High,2022-11-24,1460,2026-11-23,0.907,491,High
LA-0431,SEZ Development Project Hubballi-431,Karnataka,Hubballi,SEZ Development,7.04,165,Not Disbursed,9.2,Rehabilitation Ongoing,136,0,None,Partially Complete,12.0,5.8,0.33,Medium,2023-02-28,545,2024-08-26,0.558,370,Medium
LA-0432,National Highway Project Hubballi-432,Karnataka,Hubballi,National Highway,99.83,183,Not Disbursed,8.9,SIA Completed,302,0,None,Partially Complete,99.7,3.5,0.3,Medium,2023-10-13,545,2025-04-10,0.511,352,Medium
LA-0433,Industrial Corridor Project Aurangabad-433,Maharashtra,Aurangabad,Industrial Corridor,44.35,52,Not Disbursed,3.4,Award Declared,624,1,Ongoing - Lower Court,Partially Complete,24.5,5.0,0.62,Medium,2023-02-15,1095,2026-02-14,0.872,392,High
LA-0434,Airport Expansion Project Jaipur-434,Rajasthan,Jaipur,Airport Expansion,51.97,44,Partially Disbursed,58.8,Possession Complete,494,2,Resolved in Favor,Not Started,60.3,3.9,0.43,Medium,2022-10-10,365,2023-10-10,0.731,346,High
LA-0435,National Highway Project Madurai-435,Tamil Nadu,Madurai,National Highway,43.88,15,Not Disbursed,2.6,Possession Initiated,254,0,None,Not Started,32.0,6.3,0.57,Medium,2021-07-06,1460,2025-07-05,0.722,443,High
LA-0436,Power Transmission Line Project Siliguri-436,West Bengal,Siliguri,Power Transmission Line,77.89,99,Fully Disbursed,93.6,Possession Complete,452,1,Ongoing - High Court,Partially Complete,87.1,4.1,0.5,Medium,2022-11-30,730,2024-11-29,0.676,381,High
LA-0437,Airport Expansion Project Noida-437,Uttar Pradesh,Noida,Airport Expansion,70.75,363,Partially Disbursed,14.0,Possession Complete,591,1,Resolved Against,Partially Complete,9.4,7.9,0.32,Medium,2023-07-16,365,2024-07-15,0.771,457,High
LA-0438,National Highway Project Nagpur-438,Maharashtra,Nagpur,National Highway,29.01,101,Partially Disbursed,60.9,Rehabilitation Ongoing,614,0,None,Fully Complete,27.7,10.0,0.56,Low,2023-12-06,730,2025-12-05,0.153,160,Low
LA-0439,Railway Line Project Pune-439,Maharashtra,Pune,Railway Line,36.61,365,Partially Disbursed,12.5,Rehabilitation Ongoing,528,0,None,Partially Complete,7.2,9.6,0.49,Medium,2022-06-05,1460,2026-06-04,0.299,312,Low
LA-0440,State Highway Project Jodhpur-440,Rajasthan,Jodhpur,State Highway,42.33,178,Fully Disbursed,99.3,Possession Initiated,500,1,Ongoing - High Court,Partially Complete,0.1,8.3,0.48,High,2022-11-24,365,2023-11-24,0.57,281,Medium
LA-0441,SEZ Development Project Bhubaneswar-441,Odisha,Bhubaneswar,SEZ Development,45.92,193,Not Disbursed,4.6,Possession Initiated,223,0,None,Partially Complete,66.2,2.4,0.34,Medium,2023-10-30,545,2025-04-27,0.544,241,Medium
LA-0442,Dam/Reservoir Project Chennai-442,Tamil Nadu,Chennai,Dam/Reservoir,29.89,198,Fully Disbursed,90.9,Possession Complete,315,2,Resolved in Favor,Fully Complete,28.3,4.4,0.5,Medium,2023-11-08,545,2025-05-06,0.309,390,Low
LA-0443,Railway Line Project Kolkata-443,West Bengal,Kolkata,Railway Line,40.86,45,Not Disbursed,3.4,Rehabilitation Ongoing,130,1,Resolved Against,Partially Complete,87.9,1.1,0.45,Low,2023-02-27,1095,2026-02-26,0.83,462,High
LA-0444,Irrigation Canal Project Siliguri-444,West Bengal,Siliguri,Irrigation Canal,34.85,322,Not Disbursed,4.3,Award Declared,1613,1,Ongoing - Supreme Court,Partially Complete,23.4,3.4,0.56,Low,2023-04-26,1460,2027-04-25,0.893,452,High
LA-0445,Dam/Reservoir Project Mysuru-445,Karnataka,Mysuru,Dam/Reservoir,21.46,144,Fully Disbursed,93.8,Rehabilitation Ongoing,1162,2,Resolved Against,Partially Complete,56.1,1.9,0.36,Low,2024-07-02,730,2026-07-02,0.596,262,Medium
LA-0446,Railway Line Project Surat-446,Gujarat,Surat,Railway Line,48.85,107,Partially Disbursed,61.9,Rehabilitation Ongoing,482,0,None,Partially Complete,46.5,8.4,0.61,Medium,2022-12-23,1460,2026-12-22,0.249,292,Low
LA-0447,SEZ Development Project Madurai-447,Tamil Nadu,Madurai,SEZ Development,19.56,131,Fully Disbursed,93.0,Rehabilitation Ongoing,11,0,None,Partially Complete,13.6,2.8,0.43,Medium,2023-12-30,730,2025-12-29,0.161,170,Low
LA-0448,Dam/Reservoir Project Bhubaneswar-448,Odisha,Bhubaneswar,Dam/Reservoir,126.5,434,Not Disbursed,6.5,Possession Initiated,1574,0,None,Not Started,82.3,2.9,0.17,Medium,2022-02-14,730,2024-02-14,0.352,209,Medium
LA-0449,Power Transmission Line Project Jabalpur-449,Madhya Pradesh,Jabalpur,Power Transmission Line,18.86,103,Not Disbursed,4.4,Notification (Sec 11),389,2,Ongoing - Supreme Court,Not Started,26.9,8.2,0.73,Medium,2023-01-05,1095,2026-01-04,0.936,525,High
LA-0450,Dam/Reservoir Project Thane-450,Maharashtra,Thane,Dam/Reservoir,35.66,6,Fully Disbursed,90.0,Rehabilitation Ongoing,727,0,None,Partially Complete,41.1,6.8,0.28,Low,2023-11-13,730,2025-11-12,0.067,148,Low
LA-0451,Urban Metro Project Varanasi-451,Uttar Pradesh,Varanasi,Urban Metro,58.41,92,Partially Disbursed,71.6,Rehabilitation Ongoing,74,0,None,Not Started,51.0,6.3,0.6,Medium,2021-01-27,730,2023-01-27,0.187,133,Low
LA-0452,Irrigation Canal Project Kota-452,Rajasthan,Kota,Irrigation Canal,84.61,37,Fully Disbursed,96.2,Rehabilitation Ongoing,508,1,Ongoing - Supreme Court,Fully Complete,60.3,1.5,0.47,Medium,2024-05-20,545,2025-11-16,0.661,406,High
LA-0453,Airport Expansion Project Udaipur-453,Rajasthan,Udaipur,Airport Expansion,68.68,191,Not Disbursed,8.8,Rehabilitation Ongoing,1763,0,None,Not Started,3.3,4.8,0.33,High,2023-11-19,365,2024-11-18,0.544,379,Medium
LA-0454,Urban Metro Project Bhubaneswar-454,Odisha,Bhubaneswar,Urban Metro,40.9,251,Not Disbursed,7.6,Award Declared,252,0,None,Not Started,43.9,8.0,0.36,Medium,2022-06-07,365,2023-06-07,0.336,379,Low
LA-0455,Railway Line Project Rajkot-455,Gujarat,Rajkot,Railway Line,53.71,183,Not Disbursed,2.7,Award Declared,194,1,Resolved Against,Not Started,72.0,7.2,0.35,High,2024-06-14,730,2026-06-14,0.69,427,High
LA-0456,Dam/Reservoir Project Madurai-456,Tamil Nadu,Madurai,Dam/Reservoir,23.25,242,Partially Disbursed,43.6,Rehabilitation Ongoing,681,1,Ongoing - Supreme Court,Partially Complete,45.6,9.0,0.29,High,2023-12-03,365,2024-12-02,0.842,414,High
LA-0457,Urban Metro Project Bengaluru-457,Karnataka,Bengaluru,Urban Metro,31.23,318,Partially Disbursed,27.1,Possession Initiated,266,0,None,Not Started,10.9,8.1,0.62,Low,2022-03-13,730,2024-03-12,0.377,249,Medium
LA-0458,Power Transmission Line Project Vadodara-458,Gujarat,Vadodara,Power Transmission Line,30.94,254,Not Disbursed,2.7,Possession Complete,183,0,None,Partially Complete,87.0,2.2,0.43,High,2021-01-19,365,2022-01-19,0.568,349,Medium
LA-0459,Irrigation Canal Project Rajkot-459,Gujarat,Rajkot,Irrigation Canal,40.78,141,Fully Disbursed,94.8,Possession Complete,1521,1,Resolved Against,Not Started,96.6,1.1,0.57,Low,2022-10-20,1095,2025-10-19,0.332,267,Low
LA-0460,Power Transmission Line Project Aurangabad-460,Maharashtra,Aurangabad,Power Transmission Line,118.95,28,Partially Disbursed,61.4,Award Declared,652,0,None,Not Started,48.6,3.8,0.24,Medium,2023-02-07,1460,2027-02-06,0.251,237,Low
LA-0461,Airport Expansion Project Mysuru-461,Karnataka,Mysuru,Airport Expansion,48.21,74,Not Disbursed,7.3,Rehabilitation Ongoing,363,3,Ongoing - High Court,Not Started,19.1,5.0,0.61,Low,2021-07-16,545,2023-01-12,0.944,623,High
LA-0462,National Highway Project Hubballi-462,Karnataka,Hubballi,National Highway,16.3,183,Partially Disbursed,47.5,SIA Completed,85,0,None,Partially Complete,17.2,5.8,0.35,High,2023-05-19,365,2024-05-18,0.55,241,Medium
LA-0463,State Highway Project Kota-463,Rajasthan,Kota,State Highway,48.64,65,Fully Disbursed,98.7,SIA Completed,702,1,Ongoing - Lower Court,Partially Complete,68.1,1.6,0.34,Low,2021-06-29,365,2022-06-29,0.435,287,Medium
LA-0464,Power Transmission Line Project Noida-464,Uttar Pradesh,Noida,Power Transmission Line,10.09,170,Partially Disbursed,38.0,Possession Complete,345,1,Ongoing - High Court,Fully Complete,10.3,9.5,0.53,Medium,2023-07-13,1095,2026-07-12,0.399,329,Medium
LA-0465,National Highway Project Cuttack-465,Odisha,Cuttack,National Highway,23.18,356,Partially Disbursed,19.5,Notification (Sec 11),26,0,None,Partially Complete,68.6,4.9,0.4,Medium,2024-06-20,365,2025-06-20,0.482,268,Medium
LA-0466,State Highway Project Kolkata-466,West Bengal,Kolkata,State Highway,38.46,339,Partially Disbursed,27.7,Possession Complete,215,2,Ongoing - Lower Court,Not Started,87.3,4.6,0.38,Medium,2024-05-27,365,2025-05-27,0.737,364,High
LA-0467,Urban Metro Project Gaya-467,Bihar,Gaya,Urban Metro,13.28,54,Partially Disbursed,14.9,Rehabilitation Ongoing,666,1,Ongoing - Lower Court,Partially Complete,12.7,1.5,0.43,Medium,2021-10-07,1095,2024-10-06,0.879,378,High
LA-0468,Railway Line Project Mysuru-468,Karnataka,Mysuru,Railway Line,54.46,75,Not Disbursed,3.8,Rehabilitation Ongoing,147,1,Ongoing - Supreme Court,Fully Complete,9.8,9.1,0.29,Low,2024-02-11,545,2025-08-09,0.594,219,Medium
LA-0469,National Highway Project Pune-469,Maharashtra,Pune,National Highway,21.99,101,Partially Disbursed,43.9,Possession Initiated,197,2,Resolved Against,Partially Complete,15.3,7.4,0.48,Low,2022-03-07,730,2024-03-06,0.399,256,Medium
LA-0470,Dam/Reservoir Project Kota-470,Rajasthan,Kota,Dam/Reservoir,18.58,213,Not Disbursed,8.0,SIA Completed,863,3,Ongoing - High Court,Partially Complete,18.3,7.8,0.41,Low,2021-08-23,545,2023-02-19,0.98,413,High
LA-0471,Dam/Reservoir Project Kolkata-471,West Bengal,Kolkata,Dam/Reservoir,19.57,316,Partially Disbursed,49.0,Possession Complete,11,0,None,Not Started,33.6,9.8,0.5,Medium,2022-05-29,365,2023-05-29,0.204,291,Low
LA-0472,Industrial Corridor Project Kota-472,Rajasthan,Kota,Industrial Corridor,74.17,164,Partially Disbursed,48.3,Rehabilitation Ongoing,287,2,Ongoing - High Court,Not Started,64.4,1.3,0.48,Medium,2022-02-01,730,2024-02-01,0.98,555,High
LA-0473,Industrial Corridor Project Coimbatore-473,Tamil Nadu,Coimbatore,Industrial Corridor,65.61,53,Partially Disbursed,23.4,Award Declared,513,0,None,Partially Complete,2.9,6.4,0.05,Low,2024-03-06,730,2026-03-06,0.059,103,Low
LA-0474,Railway Line Project Rajkot-474,Gujarat,Rajkot,Railway Line,50.37,202,Not Disbursed,1.3,SIA Completed,225,0,None,Fully Complete,90.3,8.8,0.44,Medium,2023-06-13,730,2025-06-12,0.335,256,Low
LA-0475,Industrial Corridor Project Surat-475,Gujarat,Surat,Industrial Corridor,77.86,189,Fully Disbursed,94.9,Possession Initiated,1097,1,Resolved in Favor,Partially Complete,46.8,9.7,0.42,Low,2024-02-04,365,2025-02-03,0.133,220,Low
LA-0476,Power Transmission Line Project Bhopal-476,Madhya Pradesh,Bhopal,Power Transmission Line,39.15,87,Fully Disbursed,95.5,SIA Completed,249,1,Resolved Against,Not Started,15.9,8.3,0.3,Medium,2024-07-07,365,2025-07-07,0.438,265,Medium
LA-0477,Dam/Reservoir Project Pune-477,Maharashtra,Pune,Dam/Reservoir,71.54,194,Partially Disbursed,42.8,Possession Complete,973,1,Resolved Against,Partially Complete,17.1,3.0,0.19,Medium,2021-03-17,1460,2025-03-16,0.867,360,High
LA-0478,Dam/Reservoir Project Muzaffarpur-478,Bihar,Muzaffarpur,Dam/Reservoir,41.45,92,Partially Disbursed,35.0,SIA Completed,664,1,Ongoing - Supreme Court,Partially Complete,95.9,7.4,0.55,High,2024-04-22,730,2026-04-22,0.921,368,High
LA-0479,Dam/Reservoir Project Gwalior-479,Madhya Pradesh,Gwalior,Dam/Reservoir,121.54,133,Partially Disbursed,50.4,Possession Initiated,642,0,None,Partially Complete,24.2,5.6,0.31,Low,2022-05-05,1460,2026-05-04,0.057,70,Low
LA-0480,Airport Expansion Project Indore-480,Madhya Pradesh,Indore,Airport Expansion,36.62,175,Not Disbursed,1.5,Possession Complete,1085,0,None,Fully Complete,13.0,3.8,0.34,Medium,2021-10-27,1095,2024-10-26,0.347,302,Low
LA-0481,Irrigation Canal Project Ahmedabad-481,Gujarat,Ahmedabad,Irrigation Canal,15.7,103,Fully Disbursed,92.7,SIA Completed,84,1,Ongoing - Lower Court,Not Started,18.0,7.2,0.62,Low,2022-02-28,1460,2026-02-27,0.478,334,Medium
LA-0482,Airport Expansion Project Rajkot-482,Gujarat,Rajkot,Airport Expansion,32.14,172,Fully Disbursed,96.4,Notification (Sec 11),232,1,Ongoing - Lower Court,Fully Complete,96.2,9.1,0.57,Low,2023-12-04,730,2025-12-03,0.057,197,Low
LA-0483,Dam/Reservoir Project Muzaffarpur-483,Bihar,Muzaffarpur,Dam/Reservoir,3.58,92,Partially Disbursed,62.9,Possession Initiated,70,2,Resolved in Favor,Partially Complete,24.8,9.4,0.47,Medium,2021-06-09,1460,2025-06-08,0.56,296,Medium
LA-0484,Irrigation Canal Project Gaya-484,Bihar,Gaya,Irrigation Canal,44.43,76,Partially Disbursed,45.1,Award Declared,263,3,Ongoing - Supreme Court,Partially Complete,31.6,4.8,0.28,Medium,2024-05-22,365,2025-05-22,0.907,505,High
LA-0485,Airport Expansion Project Bengaluru-485,Karnataka,Bengaluru,Airport Expansion,44.55,194,Not Disbursed,6.9,Notification (Sec 11),156,1,Resolved Against,Partially Complete,84.6,5.1,0.28,Low,2022-01-18,545,2023-07-17,0.56,395,Medium
LA-0486,Irrigation Canal Project Ahmedabad-486,Gujarat,Ahmedabad,Irrigation Canal,5.36,348,Partially Disbursed,78.2,Award Declared,329,1,Ongoing - Lower Court,Partially Complete,32.4,2.2,0.44,Medium,2022-03-08,1460,2026-03-07,0.713,405,High
LA-0487,National Highway Project Gwalior-487,Madhya Pradesh,Gwalior,National Highway,69.25,201,Not Disbursed,5.1,SIA Completed,874,0,None,Partially Complete,91.5,1.8,0.29,Low,2024-07-13,1460,2028-07-12,0.51,437,Medium
LA-0488,Railway Line Project Kanpur-488,Uttar Pradesh,Kanpur,Railway Line,22.02,337,Not Disbursed,1.7,Award Declared,593,1,Ongoing - High Court,Partially Complete,91.9,9.1,0.19,Medium,2024-02-29,365,2025-02-28,0.606,212,Medium
LA-0489,Irrigation Canal Project Patna-489,Bihar,Patna,Irrigation Canal,13.45,213,Partially Disbursed,23.0,Possession Initiated,294,0,None,Fully Complete,76.8,9.0,0.42,Low,2023-04-22,1460,2027-04-21,0.041,163,Low
LA-0490,SEZ Development Project Indore-490,Madhya Pradesh,Indore,SEZ Development,37.95,480,Partially Disbursed,40.2,Award Declared,469,1,Ongoing - High Court,Partially Complete,34.8,5.7,0.31,Low,2023-07-18,1460,2027-07-17,0.76,433,High
LA-0491,Irrigation Canal Project Kolkata-491,West Bengal,Kolkata,Irrigation Canal,51.37,10,Partially Disbursed,58.0,SIA Completed,141,2,Ongoing - Lower Court,Not Started,23.3,9.6,0.63,Medium,2023-10-30,1095,2026-10-29,0.838,411,High
LA-0492,Railway Line Project Bhopal-492,Madhya Pradesh,Bhopal,Railway Line,33.84,94,Partially Disbursed,26.6,Possession Complete,688,0,None,Partially Complete,80.9,8.2,0.79,High,2023-12-25,1460,2027-12-24,0.412,350,Medium
LA-0493,Airport Expansion Project Pune-493,Maharashtra,Pune,Airport Expansion,49.83,57,Partially Disbursed,43.0,Possession Complete,187,0,None,Partially Complete,19.7,4.7,0.52,Low,2023-06-03,1460,2027-06-02,0.15,156,Low
LA-0494,National Highway Project Cuttack-494,Odisha,Cuttack,National Highway,7.41,90,Partially Disbursed,40.9,Possession Initiated,299,1,Ongoing - High Court,Fully Complete,70.7,2.6,0.56,Medium,2023-02-20,730,2025-02-19,0.647,263,Medium
LA-0495,SEZ Development Project Siliguri-495,West Bengal,Siliguri,SEZ Development,39.7,62,Not Disbursed,5.3,SIA Completed,294,0,None,Not Started,60.6,4.0,0.19,High,2021-06-21,730,2023-06-21,0.685,385,High
LA-0496,Urban Metro Project Siliguri-496,West Bengal,Siliguri,Urban Metro,37.12,434,Not Disbursed,0.1,Notification (Sec 11),197,1,Ongoing - Lower Court,Partially Complete,57.3,9.4,0.37,Low,2021-01-15,1095,2024-01-15,0.583,282,Medium
LA-0497,Urban Metro Project Udaipur-497,Rajasthan,Udaipur,Urban Metro,22.22,135,Partially Disbursed,70.4,SIA Completed,1237,0,None,Partially Complete,88.9,8.6,0.74,Medium,2022-06-20,1460,2026-06-19,0.158,222,Low
LA-0498,Industrial Corridor Project Rourkela-498,Odisha,Rourkela,Industrial Corridor,70.93,67,Partially Disbursed,64.3,Rehabilitation Ongoing,690,0,None,Partially Complete,28.4,2.6,0.32,Low,2024-02-05,1460,2028-02-04,0.314,131,Low
LA-0499,Industrial Corridor Project Chennai-499,Tamil Nadu,Chennai,Industrial Corridor,22.04,71,Partially Disbursed,55.0,Possession Initiated,358,0,None,Not Started,51.7,5.5,0.26,Low,2022-12-07,1095,2025-12-06,0.144,202,Low
LA-0500,Irrigation Canal Project Bhopal-500,Madhya Pradesh,Bhopal,Irrigation Canal,28.2,95,Partially Disbursed,46.9,Rehabilitation Ongoing,616,2,Ongoing - High Court,Not Started,80.4,8.1,0.41,Medium,2022-11-25,1460,2026-11-24,0.716,342,High